-- MySQL dump 10.13  Distrib 5.7.22, for Linux (x86_64)
--
-- Host: 127.0.0.1    Database: eobaly
-- ------------------------------------------------------
-- Server version	5.7.22-0ubuntu0.17.10.1

/*!40101 SET @OLD_CHARACTER_SET_CLIENT = @@CHARACTER_SET_CLIENT */;
/*!40101 SET @OLD_CHARACTER_SET_RESULTS = @@CHARACTER_SET_RESULTS */;
/*!40101 SET @OLD_COLLATION_CONNECTION = @@COLLATION_CONNECTION */;
/*!40101 SET NAMES utf8 */;
/*!40103 SET @OLD_TIME_ZONE = @@TIME_ZONE */;
/*!40103 SET TIME_ZONE = '+00:00' */;
/*!40014 SET @OLD_UNIQUE_CHECKS = @@UNIQUE_CHECKS, UNIQUE_CHECKS = 0 */;
/*!40014 SET @OLD_FOREIGN_KEY_CHECKS = @@FOREIGN_KEY_CHECKS, FOREIGN_KEY_CHECKS = 0 */;
/*!40101 SET @OLD_SQL_MODE = @@SQL_MODE, SQL_MODE = 'NO_AUTO_VALUE_ON_ZERO' */;
/*!40111 SET @OLD_SQL_NOTES = @@SQL_NOTES, SQL_NOTES = 0 */;

--
-- Table structure for table `hibernate_sequence`
--

DROP TABLE IF EXISTS `hibernate_sequence`;
/*!40101 SET @saved_cs_client = @@character_set_client */;
/*!40101 SET character_set_client = utf8 */;
CREATE TABLE `hibernate_sequence` (
  `next_val` BIGINT(20) DEFAULT NULL
)
  ENGINE = MyISAM
  DEFAULT CHARSET = latin1;
/*!40101 SET character_set_client = @saved_cs_client */;

--
-- Dumping data for table `hibernate_sequence`
--

LOCK TABLES `hibernate_sequence` WRITE;
/*!40000 ALTER TABLE `hibernate_sequence`
  DISABLE KEYS */;
INSERT INTO `hibernate_sequence` VALUES (1856), (1856), (1856);
/*!40000 ALTER TABLE `hibernate_sequence`
  ENABLE KEYS */;
UNLOCK TABLES;

--
-- Table structure for table `product`
--

DROP TABLE IF EXISTS `product`;
/*!40101 SET @saved_cs_client = @@character_set_client */;
/*!40101 SET character_set_client = utf8 */;
CREATE TABLE `product` (
  `id`            INT(11) NOT NULL,
  `external_name` VARCHAR(255) DEFAULT NULL,
  `internal_name` VARCHAR(255) DEFAULT NULL,
  `url`           VARCHAR(255) DEFAULT NULL,
  `category_id`   INT(11)      DEFAULT NULL,
  PRIMARY KEY (`id`),
  KEY `FK5cypb0k23bovo3rn1a5jqs6j4` (`category_id`)
)
  ENGINE = MyISAM
  DEFAULT CHARSET = latin1;
/*!40101 SET character_set_client = @saved_cs_client */;

--
-- Dumping data for table `product`
--

LOCK TABLES `product` WRITE;
/*!40000 ALTER TABLE `product`
  DISABLE KEYS */;
INSERT INTO `product` VALUES
  (13, 'P?epravní EUROBOX 1200x800x800 5VVL', 'krabice-5vvl-0200-1200x800x800-hh33bc-eurobox-bez-hornich-klop',
   'https://www.eobaly.cz/krabice-5vvl-0200-1200x800x800-hh33bc-eurobox-bez-hornich-klop.htm', 2),
  (15, 'P?epravní EUROBOX 1200x800x900 5VVL', 'krabice-5vvl-0200-1200x800x900-hh33bc-eurobox-bez-hornich-klop', 'https://www.eobaly.cz/krabice-5vvl-0200-1200x800x900-hh33bc-eurobox-bez-hornich-klop.htm', 2),
  (17, 'P?epravní EUROBOX 1200x800x1100 5VVL variabilní výška', 'krabice-5vvl-0201-1200x800x1100-hh240bc-eurobox-variabilni-vyska', 'https://www.eobaly.cz/krabice-5vvl-0201-1200x800x1100-hh240bc-eurobox-variabilni-vyska.htm', 2),
  (19, 'P?epravní EUROBOX 1200x800x750 5VVL - variabilní výška', 'prepravni-eurobox-5vvl-1200x800x750-variabilni-vyska', 'https://www.eobaly.cz/prepravni-eurobox-5vvl-1200x800x750-variabilni-vyska.htm', 2),
  (21, 'Víko na EUROBOX 1205x805x120 3VVL', 'viko-3vvl-0000-1205x805x120-hh22b-na-eurobox', 'https://www.eobaly.cz/viko-3vvl-0000-1205x805x120-hh22b-na-eurobox.htm', 2),
  (23, 'Víko skládací na EUROBOX 1212x808x120 5VVL', 'viko-skladaci-5vvl-0422-1205x805x120-hh33bc-na-eurobox', 'https://www.eobaly.cz/viko-skladaci-5vvl-0422-1205x805x120-hh33bc-na-eurobox.htm', 2),
  (25, 'Víko skládací na EUROBOX 0457 1212x819x120 5VVL', 'viko-skladaci-5vvl-0457-1212x819x120-hh33bc-na-eurobox', 'https://www.eobaly.cz/viko-skladaci-5vvl-0457-1212x819x120-hh33bc-na-eurobox.htm', 2),
  (27, 'Krabice 5VVL 800x600x400 bez horních klop', 'krabice-5vvl-0200-800x600x400-hh33bc-bez-hornich-klop', 'https://www.eobaly.cz/krabice-5vvl-0200-800x600x400-hh33bc-bez-hornich-klop.htm', 2),
  (29, 'Krabice 5VVL 800x600x600 bez horních klop', 'krabice-5vvl-0200-800x600x600-hh33bc-bez-hornich-klop', 'https://www.eobaly.cz/krabice-5vvl-0200-800x600x600-hh33bc-bez-hornich-klop.htm', 2),
  (31, 'Krabice 5VVL 800x600x800 bez horních klop', 'krabice-5vvl-0200-800x600x800-hh33bc-bez-hornich-klop', 'https://www.eobaly.cz/krabice-5vvl-0200-800x600x800-hh33bc-bez-hornich-klop.htm', 2),
  (33, 'Krabice 7VVL 800x600x600 klopová', 'krabice-7vvl-0201-800x600x600-hh391caa-klopova', 'https://www.eobaly.cz/krabice-7vvl-0201-800x600x600-hh391caa-klopova.htm', 2),
  (35, 'Víko na p?lboxy 805x605x100 3VVL', 'viko-3vvl-0422-805x605x100-hh24b', 'https://www.eobaly.cz/viko-3vvl-0422-805x605x100-hh24b.htm', 2),
  (37, 'Víko na p?lboxy 805x605x100 5VVL', 'viko-5vvl-0422-805x605x100-hh33bc', 'https://www.eobaly.cz/viko-5vvl-0422-805x605x100-hh33bc.htm', 2),
  (39, 'Paletová noha voštinová 100x100x300 samolepicí', 'paletova-noha-vostinova-100x100x300-samolepici', 'https://www.eobaly.cz/paletova-noha-vostinova-100x100x300-samolepici.htm', 2),
  (41, 'P?epravní EUROBOX 1200x800x700 7VVL bez horních klop', 'krabice-7vvl-0200-1200x800x700-kw291baa-eurobox-bez-hornich-klop', 'https://www.eobaly.cz/krabice-7vvl-0200-1200x800x700-kw291baa-eurobox-bez-hornich-klop.htm', 2),
  (43, 'P?epravní EUROBOX 1200x800x800 7VVL bez horních klop', 'krabice-7vvl-0200-1200x800x800-kw292baa-eurobox-bez-hornich-klop', 'https://www.eobaly.cz/krabice-7vvl-0200-1200x800x800-kw292baa-eurobox-bez-hornich-klop.htm', 2),
  (45, 'P?epravní EUROBOX 1200x800x800 7VVL klopová', 'krabice-7vvl-0201-1200x800x800-kw292baa-eurobox-klopova', 'https://www.eobaly.cz/krabice-7vvl-0201-1200x800x800-kw292baa-eurobox-klopova.htm', 2),
  (47, 'Proložka kartonová 575x375 3VVL', 'prolozka-3vvl-0901-575x375-hh102b', 'https://www.eobaly.cz/prolozka-3vvl-0901-575x375-hh102b.htm', 2),
  (49, 'Proložka kartonová na paletu 770x1170 3VVL', 'prolozka-3vvl-770x1170-hh22b-na-paletu', 'https://www.eobaly.cz/prolozka-3vvl-770x1170-hh22b-na-paletu.htm', 2),
  (51, 'SizzlePak Natur 10 kg - fixa?ní materiál', 'sizzlepak-natur-011-10-kg-fixacni-material-quadrapak', 'https://www.eobaly.cz/sizzlepak-natur-011-10-kg-fixacni-material-quadrapak.htm', 4),
  (53, 'Proložka kartonová na paletu 770x1170 5VVL', 'prolozka-5vvl-770x1170-hh32bc-na-paletu', 'https://www.eobaly.cz/prolozka-5vvl-770x1170-hh32bc-na-paletu.htm', 2),
  (55, 'Proklad 900x1350 balicí papír šedák', 'papir-balici-proklad-sedak-900x1350-90gm2', 'https://www.eobaly.cz/papir-balici-proklad-sedak-900x1350-90gm2.htm', 2),
  (57, 'Vlna d?evitá', 'vlna-drevita', 'https://www.eobaly.cz/vlna-drevita.htm', 4),
  (59, 'Polštá?ky vzduchové fixa?ní AirPak pytel 500l (80m)', 'polstarky-vzduchove-fixacni-airpak-80m-pytel-500l', 'https://www.eobaly.cz/polstarky-vzduchove-fixacni-airpak-80m-pytel-500l.htm', 4),
  (61, 'Proložka na paletu ze strojní lepenky 800x1200', 'prolozka-800x1200-strojni-lepenka-500gm2', 'https://www.eobaly.cz/prolozka-800x1200-strojni-lepenka-500gm2.htm', 2),
  (63, 'Proložka cartonplast na paletu 770x1170', 'prolozka-cartonplast-770x1170-25mm400g-bila-white', 'https://www.eobaly.cz/prolozka-cartonplast-770x1170-25mm400g-bila-white.htm', 2),
  (65, 'T?líska fixa?ní FLO-PAK pytel 500 l', 'teliska-fixacni-flo-pak-super-8-green-ps-chips-pytel-500l', 'https://www.eobaly.cz/teliska-fixacni-flo-pak-super-8-green-ps-chips-pytel-500l.htm', 4),
  (67, 'Proložka kartonová na p?l palety 775x575 3VVL', 'prolozka-3vvl-0901-775x575-hh102b', 'https://www.eobaly.cz/prolozka-3vvl-0901-775x575-hh102b.htm', 2),
  (69, 'KARTOFIX 60 kg - kartonová vlna', 'kartofix-kartonova-vlna-fixacni-material-60kg-2', 'https://www.eobaly.cz/kartofix-kartonova-vlna-fixacni-material-60kg-2.htm', 4),
  (71, 'Proložka z dvouvrstvé lepenky na paletu 800x1200', 'prolozka-2vvl-800x1200-vlna-b', 'https://www.eobaly.cz/prolozka-2vvl-800x1200-vlna-b.htm', 2),
  (73, 'Vlna papírová net?íd?ná', 'vlna-papirova-netridena-2', 'https://www.eobaly.cz/vlna-papirova-netridena-2.htm', 4),
  (75, 'Papír fixa?ní GEAMI IL 12\", návin 840m - bílý', 'papir-fixacni-geami-il-12-navin-840m-bily', 'https://www.eobaly.cz/papir-fixacni-geami-il-12-navin-840m-bily.htm', 4),
  (77, 'Papír fixa?ní GEAMI DC 20\", návin 250m - hn?dý', 'papir-fixacni-geami-dc-20-navin-250m-hnedy', 'https://www.eobaly.cz/papir-fixacni-geami-dc-20-navin-250m-hnedy.htm', 4),
  (79, 'Papír pro stroj PadPak Senior 70/70 g návin 290 m', 'papir-fixacni-padpak-7070g-navin-290m-duo', 'https://www.eobaly.cz/papir-fixacni-padpak-7070g-navin-290m-duo.htm', 4),
  (81, 'Papír fixa?ní Fillpak TM, ší?e 750 mm, návin 500 m', 'papir-fixacni-fillpak-tm-sire-750mm-navin-500m', 'https://www.eobaly.cz/papir-fixacni-fillpak-tm-sire-750mm-navin-500m.htm', 4),
  (83, 'Papír pro stroj Fillpak TT a FillPak TT Cutter', 'papir-fixacni-fillpak-tt-sire-390mm-navin-500m-50g', 'https://www.eobaly.cz/papir-fixacni-fillpak-tt-sire-390mm-navin-500m-50g.htm', 4),
  (85, 'Papír pro stroj PadPak Junior', 'papir-fixacni-padpak-7070g-navin-160m-junior', 'https://www.eobaly.cz/papir-fixacni-padpak-7070g-navin-160m-junior.htm', 4),
  (87, 'Papír fixa?ní PADPAK 90 g, ší?e 750 mm, návin 300 m - LC', 'papir-fixacni-padpak-90g-sire-750mm-navin-300m-lc', 'https://www.eobaly.cz/papir-fixacni-padpak-90g-sire-750mm-navin-300m-lc.htm', 4),
  (89, 'Papír fixa?ní PADPAK 50/70g návin 335m', 'papir-fixacni-padpak-5070g-navin-335m-standard', 'https://www.eobaly.cz/papir-fixacni-padpak-5070g-navin-335m-standard.htm', 4),
  (91, 'Hrana papírová 35x35x3 -délka 100', 'hrana-papirova-35x35x3-delka-100-2', 'https://www.eobaly.cz/hrana-papirova-35x35x3-delka-100-2.htm', 5),
  (93, 'Fólie fixa?ní MiniPakr EZ 200 x 130, návin 325 m', 'folie-fixacni-mini-pakr-ez-200x130-navin-325-m', 'https://www.eobaly.cz/folie-fixacni-mini-pakr-ez-200x130-navin-325-m.htm', 4),
  (95, 'Hrana papírová 35x35x3 -délka 400', 'hrana-papirova-35x35x3-delka-400', 'https://www.eobaly.cz/hrana-papirova-35x35x3-delka-400.htm', 5),
  (97, 'Fólie fixa?ní MiniPakr Novus Double Cushion, návin 200 m, 44my', 'folie-fixacni-mini-pakr-novus-double-cushion-navin-200-m', 'https://www.eobaly.cz/folie-fixacni-mini-pakr-novus-double-cushion-navin-200-m.htm', 4),
  (99, 'Hrana papírová 35x35x3 - délka 600', 'hrana-papirova-35x35x3-delka-600', 'https://www.eobaly.cz/hrana-papirova-35x35x3-delka-600.htm', 5),
  (101, 'Fólie fixa?ní MiniPakr Novus Quilt Air Small, návin 200 m, 44my', 'folie-fixacni-mini-pakr-novus-quilt-air-small-navin-200-m', 'https://www.eobaly.cz/folie-fixacni-mini-pakr-novus-quilt-air-small-navin-200-m.htm', 4),
  (103, 'Hrana papírová 35x35x3 - délka 800', 'hrana-papirova-35x35x3-delka-800', 'https://www.eobaly.cz/hrana-papirova-35x35x3-delka-800.htm', 5),
  (105, 'Hrana papírová 35x35x3 - délka 1000', 'hrana-papirova-35x35x3-delka-1000', 'https://www.eobaly.cz/hrana-papirova-35x35x3-delka-1000.htm', 5),
  (107, 'Stroj fixa?ní Minipakr', 'stroj-fixacni-minipakr', 'https://www.eobaly.cz/stroj-fixacni-minipakr.htm', 4),
  (109, 'Hrana papírová 35x35x3 - délka 1200', 'hrana-papirova-35x35x3-delka-1200', 'https://www.eobaly.cz/hrana-papirova-35x35x3-delka-1200.htm', 5),
  (111, 'Stroj fixa?ní Kartofix 316 S2i', 'stroj-fixacni-kartofix-cp-316-s2', 'https://www.eobaly.cz/stroj-fixacni-kartofix-cp-316-s2.htm', 4),
  (113, 'Hrana papírová 35x35x3 - délka 1800', 'hrana-papirova-35x35x3-delka-1800', 'https://www.eobaly.cz/hrana-papirova-35x35x3-delka-1800.htm', 5),
  (115, 'Stroj fixa?ní Kartofix 320 S2i', 'stroj-fixacni-kartofix-cp-320-s2', 'https://www.eobaly.cz/stroj-fixacni-kartofix-cp-320-s2.htm', 4),
  (117, 'Hrana papírová 35x35x3 - délka 2000', 'hrana-papirova-35x35x3-delka-2000', 'https://www.eobaly.cz/hrana-papirova-35x35x3-delka-2000.htm', 5),
  (119, 'Hrana papírová 50x50x3 -délka 100', 'hrana-papirova-50x50x3-delka-100-2', 'https://www.eobaly.cz/hrana-papirova-50x50x3-delka-100-2.htm', 5),
  (121, 'Hrana papírová 50x50x5 -délka 100', 'hrana-papirova-50x50x5-delka-100-2', 'https://www.eobaly.cz/hrana-papirova-50x50x5-delka-100-2.htm', 5),
  (123, 'Hrana papírová 50x50x3 - délka 800', 'hrana-papirova-50x50x3-delka-800', 'https://www.eobaly.cz/hrana-papirova-50x50x3-delka-800.htm', 5),
  (125, 'Hrana papírová 50x50x5 - délka 800', 'hrana-papirova-50x50x5-delka-800', 'https://www.eobaly.cz/hrana-papirova-50x50x5-delka-800.htm', 5),
  (127, 'Hrana papírová 50x50x3 - délka 900', 'hrana-papirova-50x50x3-delka-900', 'https://www.eobaly.cz/hrana-papirova-50x50x3-delka-900.htm', 5),
  (129, 'Náhradní díl Minipakr - n?ž V1 (sada 2 ks)', 'nahradni-dil-minipakr-nuz-v1-sada-2-ks', 'https://www.eobaly.cz/nahradni-dil-minipakr-nuz-v1-sada-2-ks.htm', 4),
  (131, 'Hrana papírová 50x50x3 - délka 980', 'hrana-papirova-50x50x3-delka-980', 'https://www.eobaly.cz/hrana-papirova-50x50x3-delka-980.htm', 5),
  (133, 'Náhradní díl Minipakr - teflonová páska', 'nahradni-dil-minipakr-teflonova-paska', 'https://www.eobaly.cz/nahradni-dil-minipakr-teflonova-paska.htm', 4),
  (135, 'Hrana papírová 50x50x3 - délka 1000', 'hrana-papirova-50x50x3-delka-1000', 'https://www.eobaly.cz/hrana-papirova-50x50x3-delka-1000.htm', 5),
  (137, 'Náhradní díl Minipakr - n?ž V2', 'nahradni-dil-minipakr-nuz-v2', 'https://www.eobaly.cz/nahradni-dil-minipakr-nuz-v2.htm', 4),
  (139, 'Hrana papírová 50x50x5 - délka 1000', 'hrana-papirova-50x50x5-delka-1000', 'https://www.eobaly.cz/hrana-papirova-50x50x5-delka-1000.htm', 5),
  (141, 'Hrana papírová 50x50x5 - délka 1180', 'hrana-papirova-50x50x5-delka-1180', 'https://www.eobaly.cz/hrana-papirova-50x50x5-delka-1180.htm', 5),
  (143, 'Zásilkový obal s fóliovou fixací 12\"- 19\" FLEXIBAL', 'komplet-notebook-max-19-krabice-5vvl-545x363x109-fixacni-prolozka-430x310x70', 'https://www.eobaly.cz/komplet-notebook-max-19-krabice-5vvl-545x363x109-fixacni-prolozka-430x310x70.htm', 4),
  (145, 'Hrana papírová 50x50x3 - délka 1200', 'hrana-papirova-50x50x3-delka-1200', 'https://www.eobaly.cz/hrana-papirova-50x50x3-delka-1200.htm', 5),
  (147, 'Zásilkový obal s fóliovou fixací do 10,1\" FLEXIBAL', 'komplet-krabice-klopova-3vvl-220x150x42-vlozka-s-fixacni-folii-303x213x43', 'https://www.eobaly.cz/komplet-krabice-klopova-3vvl-220x150x42-vlozka-s-fixacni-folii-303x213x43.htm', 4),
  (149, 'Hrana papírová 50x50x5 - délka 1200', 'hrana-papirova-50x50x5-delka-1200-2', 'https://www.eobaly.cz/hrana-papirova-50x50x5-delka-1200-2.htm', 5),
  (151, 'Zásilkový obal s fóliovou fixací do 5,5\" FLEXIBAL', 'zasilkovy-obal-s-foliovou-fixaci-do-55-flexibal', 'https://www.eobaly.cz/zasilkovy-obal-s-foliovou-fixaci-do-55-flexibal.htm', 4),
  (153, 'Hrana papírová 50x50x3 - délka 1500', 'hrana-papirova-50x50x3-delka-1500', 'https://www.eobaly.cz/hrana-papirova-50x50x3-delka-1500.htm', 5),
  (155, 'Hrana papírová 50x50x3 - délka 1700', 'hrana-papirova-50x50x3-delka-1700', 'https://www.eobaly.cz/hrana-papirova-50x50x3-delka-1700.htm', 5),
  (157, 'Hrana papírová 50x50x3 - délka 2000', 'hrana-papirova-50x50x3-delka-2000', 'https://www.eobaly.cz/hrana-papirova-50x50x3-delka-2000.htm', 5),
  (159, 'Hrana papírová 50x50x3 - délka 2000 flexibilní', 'hrana-papirova-50x50x3-delka-2000-flexibilni', 'https://www.eobaly.cz/hrana-papirova-50x50x3-delka-2000-flexibilni.htm', 5),
  (161, 'Hrana papírová 50x50x5 - délka 2000', 'hrana-papirova-50x50x5-delka-2000', 'https://www.eobaly.cz/hrana-papirova-50x50x5-delka-2000.htm', 5),
  (163, 'Hrana papírová 100x100x3 - délka 1000', 'hrana-papirova-100x100x3-delka-1000', 'https://www.eobaly.cz/hrana-papirova-100x100x3-delka-1000.htm', 5),
  (165, 'Hrana papírová 100x100x3 -délka 850', 'hrana-papirova-100x100x3-delka-850', 'https://www.eobaly.cz/hrana-papirova-100x100x3-delka-850.htm', 5),
  (167, 'Ochranný roh z nasávané kartonáže 100x100mm', 'ochranny-roh-z-nasavane-kartonaze-100x100mm', 'https://www.eobaly.cz/ochranny-roh-z-nasavane-kartonaze-100x100mm.htm', 5),
  (169, 'Ochranný roh 5VVL 90x90x90', 'ochranny-roh-5vvl-90x90x90-hh-231bc-tvvysek', 'https://www.eobaly.cz/ochranny-roh-5vvl-90x90x90-hh-231bc-tvvysek.htm', 5),
  (171, 'Roh plastový 40x40x40 bez výstupku', 'roh-plastovy-35x35x40-bez-vystupku', 'https://www.eobaly.cz/roh-plastovy-35x35x40-bez-vystupku.htm', 5),
  (173, 'Roh plastový 40x40x40 s výstupkem', 'roh-plastovy-40x40x50-s-vystupkem', 'https://www.eobaly.cz/roh-plastovy-40x40x50-s-vystupkem.htm', 5),
  (175, 'Roh plastový 36x36x80 s výstupky st?ední', 'roh-plastovy-36x36x80-s-vystupky-stredni', 'https://www.eobaly.cz/roh-plastovy-36x36x80-s-vystupky-stredni.htm', 5),
  (177, 'ROH na stohování ohradových nástaveb plastový', 'roh-na-stohovani-ohradovych-nastaveb-plastovy', 'https://www.eobaly.cz/roh-na-stohovani-ohradovych-nastaveb-plastovy.htm', 5),
  (179, 'Roh p?nový PE 12x100 (vnit?ní hrana 65mm)', 'roh-penovy-pe-12x100-vnitrni-hrana-65mm', 'https://www.eobaly.cz/roh-penovy-pe-12x100-vnitrni-hrana-65mm.htm', 5),
  (181, 'P?nový polyetylén Profil U=15 ROH 100x100', 'penovy-polyetylen-profil-u15-roh-100x100', 'https://www.eobaly.cz/penovy-polyetylen-profil-u15-roh-100x100.htm', 5),
  (183, 'P?nový polyetylén Profil U=25 ROH 100x100', 'penovy-polyetylen-profil-u25-roh-100x100', 'https://www.eobaly.cz/penovy-polyetylen-profil-u25-roh-100x100.htm', 5),
  (185, 'P?nový polyetylén Profil U=35 ROH 100x100', 'penovy-polyetylen-profil-u35-roh-100x100', 'https://www.eobaly.cz/penovy-polyetylen-profil-u35-roh-100x100.htm', 5),
  (187, 'P?nový polyetylén Profil U=45 ROH 100x100', 'penovy-polyetylen-profil-u45-roh-100x100', 'https://www.eobaly.cz/penovy-polyetylen-profil-u45-roh-100x100.htm', 5),
  (189, 'P?nový polyetylén Profil U=60 ROH 100x100', 'penovy-polyetylen-profil-u60-roh-100x100', 'https://www.eobaly.cz/penovy-polyetylen-profil-u60-roh-100x100.htm', 5),
  (191, 'P?nový polyetylén Profil W50', 'penovy-polyetylen-profil-w50-a55-d22', 'https://www.eobaly.cz/penovy-polyetylen-profil-w50-a55-d22.htm', 5),
  (193, 'P?nový polyetylén Profil C10 (1ks=2bm)', 'penovy-polyetylen-profil-c10-1ks2bm', 'https://www.eobaly.cz/penovy-polyetylen-profil-c10-1ks2bm.htm', 5),
  (195, 'P?nový polyetylén Profil C3 RS (1ks=2bm)', 'penovy-polyetylen-profil-c3-rs-1ks2bm', 'https://www.eobaly.cz/penovy-polyetylen-profil-c3-rs-1ks2bm.htm', 5),
  (197, 'P?nový polyetylén Profil L=50 (1ks=2bm)', 'penovy-polyetylen-profil-l50-1ks2bm', 'https://www.eobaly.cz/penovy-polyetylen-profil-l50-1ks2bm.htm', 5),
  (199, 'P?nový polyetylén Profil L=75 (1ks=2bm)', 'penovy-polyetylen-profil-l75-1ks2bm', 'https://www.eobaly.cz/penovy-polyetylen-profil-l75-1ks2bm.htm', 5),
  (201, 'P?nový polyetylén Profil U=35 (1ks=2bm)', 'penovy-polyetylen-profil-u35-1ks2bm', 'https://www.eobaly.cz/penovy-polyetylen-profil-u35-1ks2bm.htm', 5),
  (203, 'P?nový polyetylén Profil U=30 (1ks=2bm)', 'penovy-polyetylen-profil-u30-1ks2bm', 'https://www.eobaly.cz/penovy-polyetylen-profil-u30-1ks2bm.htm', 5),
  (205, 'P?nový polyetylén Profil U=45 (1ks=2bm)', 'penovy-polyetylen-profil-u45-1ks2bm', 'https://www.eobaly.cz/penovy-polyetylen-profil-u45-1ks2bm.htm', 5),
  (207, 'P?nový polyetylén Profil U=60 (1ks=2bm)', 'penovy-polyetylen-profil-u60-1ks2bm', 'https://www.eobaly.cz/penovy-polyetylen-profil-u60-1ks2bm.htm', 5),
  (209, 'P?nový polyetylén Profil U = 80 (1ks=2bm)', 'penovy-polyetylen-profil-u-80-1ks2bm', 'https://www.eobaly.cz/penovy-polyetylen-profil-u-80-1ks2bm.htm', 5),
  (211, 'P?nový polyetylén Profil C10 (na cívce 200 bm)', 'penovy-polyetylen-profil-c10-na-civce-200-bm', 'https://www.eobaly.cz/penovy-polyetylen-profil-c10-na-civce-200-bm.htm', 5),
  (213, 'P?nový polyetylén Profil C3 (na cívce 400bm)', 'penovy-polyetylen-profil-c3-na-civce-400bm', 'https://www.eobaly.cz/penovy-polyetylen-profil-c3-na-civce-400bm.htm', 5),
  (215, 'P?nový polyetylén Profil U=18 (1ks=2bm)', 'penovy-polyetylen-profil-u18-1ks2bm-2', 'https://www.eobaly.cz/penovy-polyetylen-profil-u18-1ks2bm-2.htm', 5),
  (217, 'Dvouvrstvá lepenka v roli ší?e 800 mm \"C\"', 'lepenka-2vvl-role-sire-800mm-navin-110-bm', 'https://www.eobaly.cz/lepenka-2vvl-role-sire-800mm-navin-110-bm.htm', 6),
  (219, 'Lepenka 2VVL role ší?e 900mm - návin 110 bm', 'lepenka-2vvl-role-sire-900mm-navin-110-bm', 'https://www.eobaly.cz/lepenka-2vvl-role-sire-900mm-navin-110-bm.htm', 6),
  (221, 'Dvouvrstvá lepenka v roli ší?e 1050 mm \"C\"', 'lepenka-2vvl-role-sire-1050mm-navin-110-bm', 'https://www.eobaly.cz/lepenka-2vvl-role-sire-1050mm-navin-110-bm.htm', 6),
  (223, 'Dvouvrstvá lepenka v roli ší?e 1050 mm \"B\"', 'lepenka-2vvl-role-sire-1050mm-b', 'https://www.eobaly.cz/lepenka-2vvl-role-sire-1050mm-b.htm', 6),
  (225, 'Dvouvrstvá lepenka v roli ší?e 1200 mm \"C\"', 'lepenka-2vvl-role-sire-1200mm-navin-110-bm', 'https://www.eobaly.cz/lepenka-2vvl-role-sire-1200mm-navin-110-bm.htm', 6),
  (227, 'Dvouvrstvá lepenka v roli ší?e 1400 mm \"C\"', 'lepenka-2vvl-role-sire-1400mm-navin-110-bm', 'https://www.eobaly.cz/lepenka-2vvl-role-sire-1400mm-navin-110-bm.htm', 6),
  (229, 'Dvouvrstvá lepenka v roli ší?e 1600 mm \"C\"', 'lepenka-2vvl-role-sire-1600mm-navin-110-bm', 'https://www.eobaly.cz/lepenka-2vvl-role-sire-1600mm-navin-110-bm.htm', 6),
  (231, 'Sá?ek rychlouzavírací PE 250x250/0,09', 'sacek-rychlouzaviraci-pe-250x250009-2', 'https://www.eobaly.cz/sacek-rychlouzaviraci-pe-250x250009-2.htm', 7),
  (233, 'Proložka kartonová 575x375 3VVL', 'prolozka-3vvl-0901-575x375-hh102b', 'https://www.eobaly.cz/prolozka-3vvl-0901-575x375-hh102b.htm', 6),
  (235, 'Sá?ek rychlouzavírací PE 40x60/0,05 s dírkou pro zav?šení', 'sacek-rychlouzaviraci-pe-40x60005-s-dirkou-pro-zaveseni', 'https://www.eobaly.cz/sacek-rychlouzaviraci-pe-40x60005-s-dirkou-pro-zaveseni.htm', 7),
  (237, 'Proložka kartonová na paletu 770x1170 3VVL', 'prolozka-3vvl-770x1170-hh22b-na-paletu', 'https://www.eobaly.cz/prolozka-3vvl-770x1170-hh22b-na-paletu.htm', 6),
  (239, 'Sá?ek rychlouzavírací PE 60x80/0,05 s dírkou pro zav?šení', 'sacek-rychlouzaviraci-pe-60x80005-s-dirkou-pro-zaveseni', 'https://www.eobaly.cz/sacek-rychlouzaviraci-pe-60x80005-s-dirkou-pro-zaveseni.htm', 7),
  (241, 'Proložka kartonová na p?l palety 775x575 3VVL', 'prolozka-3vvl-0901-775x575-hh102b', 'https://www.eobaly.cz/prolozka-3vvl-0901-775x575-hh102b.htm', 6),
  (243, 'Sá?ek rychlouzavírací PE 70x100/0,05 s dírkou pro zav?šení', 'sacek-rychlouzaviraci-pe-70x100005-s-dirkou-pro-zaveseni', 'https://www.eobaly.cz/sacek-rychlouzaviraci-pe-70x100005-s-dirkou-pro-zaveseni.htm', 7),
  (245, 'Proložka kartonová na paletu 770x1170 5VVL', 'prolozka-5vvl-770x1170-hh32bc-na-paletu', 'https://www.eobaly.cz/prolozka-5vvl-770x1170-hh32bc-na-paletu.htm', 6),
  (247, 'Sá?ek rychlouzavírací PE 80x120/0,05 s dírkou pro zav?šení', 'sacek-rychlouzaviraci-pe-80x120005-s-dirkou-pro-zaveseni', 'https://www.eobaly.cz/sacek-rychlouzaviraci-pe-80x120005-s-dirkou-pro-zaveseni.htm', 7),
  (249, 'Proložka z dvouvrstvé lepenky na paletu 800x1200', 'prolozka-2vvl-800x1200-vlna-b', 'https://www.eobaly.cz/prolozka-2vvl-800x1200-vlna-b.htm', 6),
  (251, 'Bublinková fólie v roli ší?e 1000 mm perforovaná', 'bublinkova-folie-v-roli-sire-1000-mm-perforovana', 'https://www.eobaly.cz/bublinkova-folie-v-roli-sire-1000-mm-perforovana.htm', 6),
  (253, 'Sá?ek rychlouzavírací PE 100x100/0,05 - s dírkou pro zav?šení', 'sacek-rychlouzaviraci-pe-100x100005-s-dirkou-pro-zaveseni', 'https://www.eobaly.cz/sacek-rychlouzaviraci-pe-100x100005-s-dirkou-pro-zaveseni.htm', 7),
  (255, 'Bublinková fólie v roli ší?e 500 mm perforovaná', 'bublinkova-folie-v-roli-sire-500-mm-perforovana', 'https://www.eobaly.cz/bublinkova-folie-v-roli-sire-500-mm-perforovana.htm', 6),
  (257, 'Sá?ek rychlouzavírací PE 100x150/0,05 s dírkou pro zav?šení', 'sacek-rychlouzaviraci-pe-100x150005-s-dirkou-pro-zaveseni', 'https://www.eobaly.cz/sacek-rychlouzaviraci-pe-100x150005-s-dirkou-pro-zaveseni.htm', 7),
  (259, 'Bublinková fólie v roli ší?e 500 mm', 'bublinkova-folie-role-sire-500mm-standardl2-navin-100-bm', 'https://www.eobaly.cz/bublinkova-folie-role-sire-500mm-standardl2-navin-100-bm.htm', 6),
  (261, 'Bublinková fólie v roli ší?e 500 mm antistatická', 'bublinkova-folie-v-roli-sire-500-mm-antistaticka', 'https://www.eobaly.cz/bublinkova-folie-v-roli-sire-500-mm-antistaticka.htm', 6),
  (263, 'Sá?ek rychlouzavírací PE 120x180/0,05 s dírkou pro zav?šení', 'sacek-rychlouzaviraci-pe-120x180005-s-dirkou-pro-zaveseni', 'https://www.eobaly.cz/sacek-rychlouzaviraci-pe-120x180005-s-dirkou-pro-zaveseni.htm', 7),
  (265, 'Sá?ek rychlouzavírací PE 150x200/0,05 s dírkou pro zav?šení', 'sacek-rychlouzaviraci-pe-150x200005-s-dirkou-pro-zaveseni', 'https://www.eobaly.cz/sacek-rychlouzaviraci-pe-150x200005-s-dirkou-pro-zaveseni.htm', 7),
  (267, 'Bublinková fólie v roli ší?e 1000 mm ?erná', 'bublinkova-folie-role-sire-1000mm-standard-navin-100-bm-cerna', 'https://www.eobaly.cz/bublinkova-folie-role-sire-1000mm-standard-navin-100-bm-cerna.htm', 6),
  (269, 'Sá?ek rychlouzavírací PE 160x220/0,05 s dírkou pro zav?šení', 'sacek-rychlouzaviraci-pe-160x220005-s-dirkou-pro-zaveseni', 'https://www.eobaly.cz/sacek-rychlouzaviraci-pe-160x220005-s-dirkou-pro-zaveseni.htm', 7),
  (271, 'Bublinková fólie v roli ší?e 1000 mm', 'bublinkova-folie-role-sire-1000mm-standardl2-navin-100-bm', 'https://www.eobaly.cz/bublinkova-folie-role-sire-1000mm-standardl2-navin-100-bm.htm', 6),
  (273, 'Sá?ek rychlouzavírací PE 180x250/0,05 s dírkou pro zav?šení', 'sacek-rychlouzaviraci-pe-180x250005-s-dirkou-pro-zaveseni', 'https://www.eobaly.cz/sacek-rychlouzaviraci-pe-180x250005-s-dirkou-pro-zaveseni.htm', 7),
  (275, 'Bublinková fólie s velkými bublinami v roli ší?e 1000 mm', 'bublinkova-folie-role-sire-1000mm-g2-100l2-plus-navin-50-bm', 'https://www.eobaly.cz/bublinkova-folie-role-sire-1000mm-g2-100l2-plus-navin-50-bm.htm', 6),
  (277, 'Sá?ek rychlouzavírací PE 200x300/0,05 -s dírkou pro zav?šení', 'sacek-rychlouzaviraci-pe-200x300005-s-dirkou-pro-zaveseni', 'https://www.eobaly.cz/sacek-rychlouzaviraci-pe-200x300005-s-dirkou-pro-zaveseni.htm', 7),
  (279, 'Bublinková fólie v roli ší?e 1000 mm', 'bublinkova-folie-role-sire-1000mm-k3-100-l3-navin-100-bm', 'https://www.eobaly.cz/bublinkova-folie-role-sire-1000mm-k3-100-l3-navin-100-bm.htm', 6),
  (281, 'Sá?ek rychlouzavírací PE 230x320/0,05 s dírkou pro zav?šení', 'sacek-rychlouzaviraci-pe-230x320005-s-dirkou-pro-zaveseni', 'https://www.eobaly.cz/sacek-rychlouzaviraci-pe-230x320005-s-dirkou-pro-zaveseni.htm', 7),
  (283, 'Bublinková fólie v roli ší?e 1200 mm', 'bublinkova-folie-role-sire-1200mm-standardl2-navin-100-bm', 'https://www.eobaly.cz/bublinkova-folie-role-sire-1200mm-standardl2-navin-100-bm.htm', 6),
  (285, 'Sá?ek rychlouzavírací PE 220x280/0,05 s dírkou pro zav?šení', 'sacek-rychlouzaviraci-pe-220x280005-s-dirkou-pro-zaveseni', 'https://www.eobaly.cz/sacek-rychlouzaviraci-pe-220x280005-s-dirkou-pro-zaveseni.htm', 7),
  (287, 'Bublinková fólie v roli ší?e 1500 mm', 'bublinkova-folie-role-sire-1500mm-standardl2-navin-100-bm', 'https://www.eobaly.cz/bublinkova-folie-role-sire-1500mm-standardl2-navin-100-bm.htm', 6),
  (289, 'Sá?ek rychlouzavírací PE 250x350/0,05 s dírkou pro zav?šení', 'sacek-rychlouzaviraci-pe-250x350005-s-dirkou-pro-zaveseni', 'https://www.eobaly.cz/sacek-rychlouzaviraci-pe-250x350005-s-dirkou-pro-zaveseni.htm', 7),
  (291, 'Bublinková fólie v roli ší?e 1000mm antistatická', 'bublinkova-folie-v-roli-sire-1000mm-antistaticka', 'https://www.eobaly.cz/bublinkova-folie-v-roli-sire-1000mm-antistaticka.htm', 6),
  (293, 'Sá?ek rychlouzavírací PE 300x400/0,05 s dírkou pro zav?šení', 'sacek-rychlouzaviraci-pe-300x400005-s-dirkou-pro-zaveseni', 'https://www.eobaly.cz/sacek-rychlouzaviraci-pe-300x400005-s-dirkou-pro-zaveseni.htm', 7),
  (295, 'P?nový polyetylén Proklad, 400x600/1,0', 'penovy-polyetylen-proklad-400x60010', 'https://www.eobaly.cz/penovy-polyetylen-proklad-400x60010.htm', 6),
  (297, 'Sá?ek rychlouzavírací PE 350x450/0,05 s dírkou pro zav?šení', 'sacek-rychlouzaviraci-pe-350x450005-s-dirkou-pro-zaveseni', 'https://www.eobaly.cz/sacek-rychlouzaviraci-pe-350x450005-s-dirkou-pro-zaveseni.htm', 7),
  (299, 'P?nový polyetylén Proklad, 1000x1200/2,0', 'penovy-polyetylen-proklad-1000x120020', 'https://www.eobaly.cz/penovy-polyetylen-proklad-1000x120020.htm', 6),
  (301, 'P?nový polyetylen 0,8 mm v roli ší?e 1000 mm', 'penovy-polyetylen-role-08-s100cm500m', 'https://www.eobaly.cz/penovy-polyetylen-role-08-s100cm500m.htm', 6),
  (303, 'Sá?ek rychlouzavírací PE 60x80/0,05 s bílými pruhy', 'sacek-rychlouzaviraci-pe-60x80005-s-bilymi-pruhy', 'https://www.eobaly.cz/sacek-rychlouzaviraci-pe-60x80005-s-bilymi-pruhy.htm', 7),
  (307, 'Sá?ek rychlouzavírací PE 70x100/0,05 s bílými pruhy', 'sacek-rychlouzaviraci-pe-70x100005-s-bilymi-pruhy', 'https://www.eobaly.cz/sacek-rychlouzaviraci-pe-70x100005-s-bilymi-pruhy.htm', 7),
  (306, 'P?nový polyetylen 1 mm v roli ší?e 1000 mm', 'penovy-polyetylen-role-10-s100cm500m', 'https://www.eobaly.cz/penovy-polyetylen-role-10-s100cm500m.htm', 6),
  (309, 'P?nový polyetylen 2 mm v roli ší?e 1000 mm - 250m', 'penovy-polyetylen-role-20-s100cm250m', 'https://www.eobaly.cz/penovy-polyetylen-role-20-s100cm250m.htm', 6),
  (311, 'Sá?ek rychlouzavírací PE 80x120/0,05 s bílými pruhy', 'sacek-rychlouzaviraci-pe-80x120005-s-bilymi-pruhy', 'https://www.eobaly.cz/sacek-rychlouzaviraci-pe-80x120005-s-bilymi-pruhy.htm', 7),
  (314, 'Sá?ek rychlouzavírací PE 100x150/0,05 s bílými pruhy', 'sacek-rychlouzaviraci-pe-100x150005-s-bilymi-pruhy', 'https://www.eobaly.cz/sacek-rychlouzaviraci-pe-100x150005-s-bilymi-pruhy.htm', 7),
  (315, 'P?nový polyetylen 2 mm v roli ší?e 1200 mm', 'penovy-polyetylen-role-20-s120cm250m', 'https://www.eobaly.cz/penovy-polyetylen-role-20-s120cm250m.htm', 6),
  (317, 'P?nový polyetylen 3 mm v roli ší?e 1000 mm', 'penovy-polyetylen-role-30-s100cm175m', 'https://www.eobaly.cz/penovy-polyetylen-role-30-s100cm175m.htm', 6),
  (319, 'Sá?ek rychlouzavírací PE 120x180/0,05 s bílými pruhy', 'sacek-rychlouzaviraci-pe-120x180005-s-bilymi-pruhy', 'https://www.eobaly.cz/sacek-rychlouzaviraci-pe-120x180005-s-bilymi-pruhy.htm', 7),
  (321, 'P?nový polyetylen 3 mm v roli ší?e 1500 mm', 'penovy-polyetylen-role-30-s150cm175m', 'https://www.eobaly.cz/penovy-polyetylen-role-30-s150cm175m.htm', 6),
  (323, 'Sá?ek rychlouzavírací PE 160x220/0,05 s bílými pruhy', 'sacek-rychlouzaviraci-pe-160x220005-s-bilymi-pruhy', 'https://www.eobaly.cz/sacek-rychlouzaviraci-pe-160x220005-s-bilymi-pruhy.htm', 7),
  (325, 'P?nový polyetylen 5 mm v roli ší?e 1000 mm', 'penovy-polyetylen-role-50-s100cm100m', 'https://www.eobaly.cz/penovy-polyetylen-role-50-s100cm100m.htm', 6),
  (327, 'Sá?ek rychlouzavírací PE 125x195/0,05 s kapsou', 'sacek-rychlouzaviraci-pe-125x195005-s-kapsou', 'https://www.eobaly.cz/sacek-rychlouzaviraci-pe-125x195005-s-kapsou.htm', 7),
  (329, 'P?nový polyetylen 2 mm v roli ší?e 1000 mm', 'penovy-polyetylen-2-mm-v-roli-sire-1000-mm', 'https://www.eobaly.cz/penovy-polyetylen-2-mm-v-roli-sire-1000-mm.htm', 6),
  (331, 'Sá?ek rychlouzavírací PE 160x220/0,05 s kapsou', 'sacek-rychlouzaviraci-pe-160x220005-s-kapsou', 'https://www.eobaly.cz/sacek-rychlouzaviraci-pe-160x220005-s-kapsou.htm', 7),
  (333, 'Papír balicí v roli ší?e 500 mm', 'papir-balici-v-roli-sire-500-mm', 'https://www.eobaly.cz/papir-balici-v-roli-sire-500-mm.htm', 6),
  (335, 'Sá?ek rychlouzavírací PE 180x250/0,05 s kapsou', 'sacek-rychlouzaviraci-pe-180x250005-s-kapsou', 'https://www.eobaly.cz/sacek-rychlouzaviraci-pe-180x250005-s-kapsou.htm', 7),
  (337, 'Papír balicí v roli š.750, 90g/m2', 'papir-balici-v-roli-s750-90gm2', 'https://www.eobaly.cz/papir-balici-v-roli-s750-90gm2.htm', 6),
  (339, 'Sá?ek rychlouzavírací PE 230x320/0,05 s kapsou', 'sacek-rychlouzaviraci-pe-230x320005-s-kapsou', 'https://www.eobaly.cz/sacek-rychlouzaviraci-pe-230x320005-s-kapsou.htm', 7),
  (341, 'Balicí papír v roli ší?e 1000 mm', 'balici-papir-v-roli-sire-1000-mm', 'https://www.eobaly.cz/balici-papir-v-roli-sire-1000-mm.htm', 6),
  (343, 'Sá?ek s posuvným jezdcem PE 200x180/0,07', 'sacek-s-posuvnym-jezdcem-pe-200x180007', 'https://www.eobaly.cz/sacek-s-posuvnym-jezdcem-pe-200x180007.htm', 7),
  (345, 'Balicí papír v roli ší?e 1000 mm', 'papir-balici-role-sedak-s1000-90gm2-role-po-10-kg', 'https://www.eobaly.cz/papir-balici-role-sedak-s1000-90gm2-role-po-10-kg.htm', 6),
  (347, 'Sá?ek s posuvným jezdcem PE 230x300/0,07', 'sacek-s-posuvnym-jezdcem-pe-230x300007', 'https://www.eobaly.cz/sacek-s-posuvnym-jezdcem-pe-230x300007.htm', 7),
  (349, 'Papír balicí v roli ší?e 1200 mm', 'papir-balici-v-roli-sire-1200-mm', 'https://www.eobaly.cz/papir-balici-v-roli-sire-1200-mm.htm', 6),
  (351, 'Sá?ek s posuvným jezdcem PE 270x280/0,07', 'sacek-s-posuvnym-jezdcem-pe-270x280007', 'https://www.eobaly.cz/sacek-s-posuvnym-jezdcem-pe-270x280007.htm', 7),
  (353, 'Papír balicí v roli ší?e 1500 mm', 'papir-balici-v-roli-sire-1500-mm', 'https://www.eobaly.cz/papir-balici-v-roli-sire-1500-mm.htm', 6),
  (355, 'Sá?ek s posuvným jezdcem PE 350x280/0,07', 'sacek-s-posuvnym-jezdcem-pe-350x280007', 'https://www.eobaly.cz/sacek-s-posuvnym-jezdcem-pe-350x280007.htm', 7),
  (357, 'Papír - Role - s PE povlakem š.1000, 90g/m2', 'papir-role-s-pe-povlakem-s1000-90gm2-2', 'https://www.eobaly.cz/papir-role-s-pe-povlakem-s1000-90gm2-2.htm', 6),
  (359, 'Sá?ek s posuvným jezdcem PE 400x300/0,07', 'sacek-s-posuvnym-jezdcem-pe-400x300007', 'https://www.eobaly.cz/sacek-s-posuvnym-jezdcem-pe-400x300007.htm', 7),
  (361, 'Fólie polyetylénová plochá proklad 960x570mm/0,1', 'folie-polyetylenova-proklad-570x960mm-01', 'https://www.eobaly.cz/folie-polyetylenova-proklad-570x960mm-01.htm', 6),
  (363, 'Sá?ek s posuvným jezdcem PE 400x400/0,07', 'sacek-s-posuvnym-jezdcem-pe-400x400007', 'https://www.eobaly.cz/sacek-s-posuvnym-jezdcem-pe-400x400007.htm', 7),
  (365, 'Fólie polyetylénová hadice š.1200/tl.0,15 v roli', 'folie-polyetylenova-hadice-s1200015', 'https://www.eobaly.cz/folie-polyetylenova-hadice-s1200015.htm', 6),
  (367, 'Sá?ek KLT 630x420x800/0,04 polyetylénový', 'sacek-klt-630x420x800004-polyetylenovy', 'https://www.eobaly.cz/sacek-klt-630x420x800004-polyetylenovy.htm', 7),
  (369, 'Fólie polyetylénová hadice š.400/tl.0,05 v roli', 'folie-polyetylenova-hadice-s400tl005-v-roli', 'https://www.eobaly.cz/folie-polyetylenova-hadice-s400tl005-v-roli.htm', 6),
  (371, 'Sá?ek KLT 450x320x440/0,025 polyetylénový', 'sacek-klt-450x320x4400025-polyetylenovy', 'https://www.eobaly.cz/sacek-klt-450x320x4400025-polyetylenovy.htm', 7),
  (373, 'Fólie polyetylénová hadice š.400/tl.0,1 v roli', 'folie-polyetylenova-hadice-s400tl01-v-roli', 'https://www.eobaly.cz/folie-polyetylenova-hadice-s400tl01-v-roli.htm', 6),
  (375, 'Sá?ek plochý 250x350/0,05 polyetylénový', 'sacek-plochy-250x350005-polyetylenovy', 'https://www.eobaly.cz/sacek-plochy-250x350005-polyetylenovy.htm', 7),
  (377, 'Fólie polyetylénová hadice š.500/tl.0,05 v roli', 'folie-polyetylenova-hadice-s500tl005-v-roli', 'https://www.eobaly.cz/folie-polyetylenova-hadice-s500tl005-v-roli.htm', 6),
  (379, 'Sá?ek plochý 300x400/0,05 polyetylénový', 'sacek-plochy-300x400005-polyetylenovy', 'https://www.eobaly.cz/sacek-plochy-300x400005-polyetylenovy.htm', 7),
  (381, 'Fólie polyetylénová hadice š.500/tl.0,09 v roli', 'folie-polyetylenova-hadice-s500tl009-v-roli', 'https://www.eobaly.cz/folie-polyetylenova-hadice-s500tl009-v-roli.htm', 6),
  (383, 'Sá?ek plochý 80x120/0,05 polyetylénový', 'sacek-plochy-80x120005-polyetylenovy', 'https://www.eobaly.cz/sacek-plochy-80x120005-polyetylenovy.htm', 7),
  (385, 'Fólie polyetylénová hadice š.600/tl.0,05 v roli', 'folie-polyetylenova-hadice-s600tl005-v-roli', 'https://www.eobaly.cz/folie-polyetylenova-hadice-s600tl005-v-roli.htm', 6),
  (387, 'Sá?ek plochý 100x200/0,05 polyetylénový', 'sacek-plochy-100x200005-polyetylenovy', 'https://www.eobaly.cz/sacek-plochy-100x200005-polyetylenovy.htm', 7),
  (389, 'Sá?ek plochý 350x500/0,05 polyetylénový', 'sacek-plochy-350x500005-polyetylenovy', 'https://www.eobaly.cz/sacek-plochy-350x500005-polyetylenovy.htm', 7),
  (391, 'Fólie polyetylénová hadice š.600/tl.0,1 v roli', 'folie-polyetylenova-hadice-s600tl01-v-roli', 'https://www.eobaly.cz/folie-polyetylenova-hadice-s600tl01-v-roli.htm', 6),
  (393, 'Fólie polyetylénová hadice š.800/tl.0,05 v roli', 'folie-polyetylenova-hadice-s800tl005-v-roli', 'https://www.eobaly.cz/folie-polyetylenova-hadice-s800tl005-v-roli.htm', 6),
  (395, 'Sá?ek plochý 400x600/0,04 polyetylénový', 'sacek-plochy-400x600004-polyetylenovy', 'https://www.eobaly.cz/sacek-plochy-400x600004-polyetylenovy.htm', 7),
  (397, 'Paleta lisovaná INKA F8LF - 1200x800x140 - nosnost 900kg', 'paleta-lisovana-inka-f8lf-1200x800x140-nosnost-900kg', 'https://www.eobaly.cz/paleta-lisovana-inka-f8lf-1200x800x140-nosnost-900kg.htm', 10),
  (399, 'Sá?ek plochý 150x200/0,05 polyetylénový', 'sacek-plochy-150x200005-polyetylenovy', 'https://www.eobaly.cz/sacek-plochy-150x200005-polyetylenovy.htm', 7),
  (401, 'Fólie polyetylénová hadice š.1000/tl.0,05 v roli', 'folie-polyetylenova-hadice-s1000tl005-v-roli', 'https://www.eobaly.cz/folie-polyetylenova-hadice-s1000tl005-v-roli.htm', 6),
  (403, 'Paleta lisovaná INKA F10 - 1200x1000x140 - nosnost 900kg', 'paleta-lisovana-inka-f10-1200x1000x140-nosnost-900kg', 'https://www.eobaly.cz/paleta-lisovana-inka-f10-1200x1000x140-nosnost-900kg.htm', 10),
  (405, 'Sá?ek plochý 200x300/0,05 polyetylénový', 'sacek-plochy-200x300005-polyetylenovy', 'https://www.eobaly.cz/sacek-plochy-200x300005-polyetylenovy.htm', 7),
  (407, 'Fólie polyetylénová hadice š.1000/tl.0,1 v roli', 'folie-polyetylenova-hadice-s1000tl01-v-roli', 'https://www.eobaly.cz/folie-polyetylenova-hadice-s1000tl01-v-roli.htm', 6),
  (409, 'Paleta lisovaná INKA F11 - 1140x1140x140 (container) - nosnost 800kg', 'paleta-lisovana-inka-f11-1140x1140x140-container-nosnost-800kg', 'https://www.eobaly.cz/paleta-lisovana-inka-f11-1140x1140x140-container-nosnost-800kg.htm', 10),
  (411, 'Fólie polyetylénová - PLOCHÁ š.1300/0,15', 'folie-polyetylenova-plocha-s1300015', 'https://www.eobaly.cz/folie-polyetylenova-plocha-s1300015.htm', 6),
  (413, 'Sá?ek plochý 500x600/0,05 polyetylénový', 'sacek-plochy-500x600005-polyetylenovy', 'https://www.eobaly.cz/sacek-plochy-500x600005-polyetylenovy.htm', 7),
  (415, 'Paleta lisovaná INKA F36 - 800x400x120 - nosnost 500kg', 'paleta-lisovana-inka-f36-800x400x120-nosnost-500kg', 'https://www.eobaly.cz/paleta-lisovana-inka-f36-800x400x120-nosnost-500kg.htm', 10),
  (417, 'Fólie polyetylénová - Plochá š.1000/0,03', 'folie-polyetylenova-plocha-antistaticka-s1000003', 'https://www.eobaly.cz/folie-polyetylenova-plocha-antistaticka-s1000003.htm', 6),
  (419, 'Sá?ek plochý 220x320/0,05 polyetylénový', 'sacek-plochy-220x320005-polyetylenovy', 'https://www.eobaly.cz/sacek-plochy-220x320005-polyetylenovy.htm', 7),
  (421, 'Fólie antikorozní ZERUST E 0,05/1500/300m plochá', 'folie-antikorozni-zerust-e-0051500300m-plocha', 'https://www.eobaly.cz/folie-antikorozni-zerust-e-0051500300m-plocha.htm', 9),
  (423, 'Fólie polyetylénová polohadice š.1200/tl.0,15 v roli', 'folie-polyetylenova-polohadice-s1200tl015-v-roli', 'https://www.eobaly.cz/folie-polyetylenova-polohadice-s1200tl015-v-roli.htm', 6),
  (425, 'Sá?ek plochý 270x450/0,05 polyetylénový', 'sacek-plochy-270x450005-polyetylenovy', 'https://www.eobaly.cz/sacek-plochy-270x450005-polyetylenovy.htm', 7),
  (427, 'Paleta lisovaná INKA F46 - 600x400x120 - nosnost 250kg', 'paleta-lisovana-inka-f46-600x400x120-nosnost-250kg', 'https://www.eobaly.cz/paleta-lisovana-inka-f46-600x400x120-nosnost-250kg.htm', 10),
  (429, 'Pytel ZERUST E-S450 1230x825x1400/0,08 s bo?ními sklady', 'pytel-zerust-e-s450-1230x825x1400008-s-bocnimi-sklady', 'https://www.eobaly.cz/pytel-zerust-e-s450-1230x825x1400008-s-bocnimi-sklady.htm', 9),
  (431, 'Sá?ek plochý 381x508 PINK Antistatic', 'sacek-plochy-15x20-pink-antistatic-pn11582-c05', 'https://www.eobaly.cz/sacek-plochy-15x20-pink-antistatic-pn11582-c05.htm', 7),
  (433, 'Fólie polyetylénová hadice š.1200/tl.0,1 v roli', 'folie-polyetylenova-hadice-s1200tl01-v-roli', 'https://www.eobaly.cz/folie-polyetylenova-hadice-s1200tl01-v-roli.htm', 6),
  (435, 'Paleta lisovaná INKA F64 - 800x600x120 - nosnost 500kg', 'paleta-lisovana-inka-f64-800x600x120-nosnost-500kg', 'https://www.eobaly.cz/paleta-lisovana-inka-f64-800x600x120-nosnost-500kg.htm', 10),
  (437, 'Papír antikorozní - Role, SVIK š.750, 106g/m2', 'papir-antikorozni-role-vci-svik-s750mm-106gm2-role-po-30kg', 'https://www.eobaly.cz/papir-antikorozni-role-vci-svik-s750mm-106gm2-role-po-30kg.htm', 9),
  (439, 'Papír antikorozní ABRIGO š.780 mm role', 'papir-antikorozni-role-abrigo-e-40gm2-s780-mm', 'https://www.eobaly.cz/papir-antikorozni-role-abrigo-e-40gm2-s780-mm.htm', 9),
  (441, 'Sá?ek plochý 500x700/0,1 LDPE kluzný, zelený', 'sacek-plochy-500x70001-ldpe-kluzny-zeleny-2', 'https://www.eobaly.cz/sacek-plochy-500x70001-ldpe-kluzny-zeleny-2.htm', 7),
  (443, 'Paleta lisovaná INKA F86 - 1200x800x120 - nosnost 250kg', 'paleta-lisovana-inka-f86-1200x800x140-nosnost-250kg', 'https://www.eobaly.cz/paleta-lisovana-inka-f86-1200x800x140-nosnost-250kg.htm', 10),
  (445, 'Fólie polyetylénová na zakrývání palet 1200x1600/0,03', 'folie-polyetylenova-na-zakryvani-palet-1200x1600003-role-300-ks-dutinka-76mm-primar', 'https://www.eobaly.cz/folie-polyetylenova-na-zakryvani-palet-1200x1600003-role-300-ks-dutinka-76mm-primar.htm', 6),
  (447, 'Papír antikorozní - Role, ABRIGO E 70g/m2 š.780 mm', 'papir-antikorozni-role-abrigo-e-70gm2-s780-mm', 'https://www.eobaly.cz/papir-antikorozni-role-abrigo-e-70gm2-s780-mm.htm', 9),
  (449, 'Paleta lisovaná INKA F8S/LF - 1200x800x140 - nosnost 1250kg', 'paleta-lisovana-inka-f8slf-1200x800x140-nosnost-1250kg', 'https://www.eobaly.cz/paleta-lisovana-inka-f8slf-1200x800x140-nosnost-1250kg.htm', 10),
  (451, 'Sá?ek plochý 500x700/0,1 LDPE kluzný, žlutý', 'sacek-plochy-500x70001-ldpe-kluzny-zluty-2', 'https://www.eobaly.cz/sacek-plochy-500x70001-ldpe-kluzny-zluty-2.htm', 7),
  (453, 'Fólie polyetylénová na zakrývání palet 1200x1600/0,04, role 250 ks', 'folie-polyetylenova-na-zakryvani-palet-1200x1600004-role-250-ks', 'https://www.eobaly.cz/folie-polyetylenova-na-zakryvani-palet-1200x1600004-role-250-ks.htm', 6),
  (455, 'Papír antikorozní - Role, VCI (\"SVIK\") š.1000, 106g/m2', 'papir-antikorozni-role-vci-svik-s1000-106gm2-2', 'https://www.eobaly.cz/papir-antikorozni-role-vci-svik-s1000-106gm2-2.htm', 9),
  (457, 'Paleta nasávaná kartonáž - 1200x800x135 - nosnost 250 kg', 'paleta-nasavana-kartonaz-1200x800x135-nosnost-250-kg', 'https://www.eobaly.cz/paleta-nasavana-kartonaz-1200x800x135-nosnost-250-kg.htm', 10),
  (459, 'Sá?ek PE 420x320x250/0,05 s bo?ním skladem', 'sacek-pe-420x320x250005-s-bocnim-skladem', 'https://www.eobaly.cz/sacek-pe-420x320x250005-s-bocnim-skladem.htm', 7),
  (461, 'Odvíje? fólie stolní OF-300 (s rozvíra?em)', 'odvijec-folie-stolni-of-300-s-rozviracem', 'https://www.eobaly.cz/odvijec-folie-stolni-of-300-s-rozviracem.htm', 6),
  (463, 'Papír balicí - Role - ga?ovaný GA š.1080mm (100g/m2)', 'papir-balici-role-gacovany-ga-s1080mm-100gm2', 'https://www.eobaly.cz/papir-balici-role-gacovany-ga-s1080mm-100gm2.htm', 9),
  (465, 'Odvíje? pro polyetylénovou fólii PE, stolní - KL 45', 'odvijec-pro-polyetylenovou-folii-pe-stolni-kl-45', 'https://www.eobaly.cz/odvijec-pro-polyetylenovou-folii-pe-stolni-kl-45.htm', 6),
  (467, 'Sá?ek KLT 630x420x800/0,02 materiál HD-PE', 'sacek-klt-630x420x800002-material-hd-pe', 'https://www.eobaly.cz/sacek-klt-630x420x800002-material-hd-pe.htm', 7),
  (469, 'Paleta nasávaná kartonáž - 800x600x130 - nosnost 250 kg', 'paleta-nasavana-kartonaz-800x600x130-nosnost-250-kg', 'https://www.eobaly.cz/paleta-nasavana-kartonaz-800x600x130-nosnost-250-kg.htm', 10),
  (471, 'Sá?ek KLT 830x620x1300/0,02 materiál HD-PE', 'sacek-klt-830x620x1300002-material-hd-pe', 'https://www.eobaly.cz/sacek-klt-830x620x1300002-material-hd-pe.htm', 7),
  (473, 'Fólie bariérová ALU PLL 128 1000/100m, PET 15my+ALU 12my+HD/LLDPE 75my bez tisku', 'folie-barierova-alu-pll-128-1000100m-pet-15myalu-12myhdlldpe-75my-bez-tisku', 'https://www.eobaly.cz/folie-barierova-alu-pll-128-1000100m-pet-15myalu-12myhdlldpe-75my-bez-tisku.htm', 9),
  (475, 'Stretch fólie ?erná ru?ní 100mm / 23µm / 150m pr?tažná', 'stretch-sire-100mm-23my-150m-prutazna-rucni-folie-cerna', 'https://www.eobaly.cz/stretch-sire-100mm-23my-150m-prutazna-rucni-folie-cerna.htm', 6),
  (477, 'Paleta nasávaná kartonáž - 600x400x130 - nosnost 200 kg', 'paleta-nasavana-kartonaz-600x400x130-nosnost-250-kg', 'https://www.eobaly.cz/paleta-nasavana-kartonaz-600x400x130-nosnost-250-kg.htm', 10),
  (479, 'Sá?ek plochý 300x300/0,04 polyetylénový', 'sacek-plochy-300x300004-polyetylenovy', 'https://www.eobaly.cz/sacek-plochy-300x300004-polyetylenovy.htm', 7),
  (482, 'D?ev?ná paletová ohrádka 1200x800x200mm', 'drevena-paletova-ohradka-1200x800x200mm', 'https://www.eobaly.cz/drevena-paletova-ohradka-1200x800x200mm.htm', 10),
  (483, 'Fólie bariérová ALU PLL 128 1500/100m, PET 15my+ALU 12my+HD/LLDPE 75my bez tisku', 'folie-barierova-alu-pll-128-1500100m-pet-15myalu-12myhdlldpe-75my-bez-tisku', 'https://www.eobaly.cz/folie-barierova-alu-pll-128-1500100m-pet-15myalu-12myhdlldpe-75my-bez-tisku.htm', 9),
  (485, 'Stretch fólie ru?ní 100mm / 23µm / 150m pr?tažná', 'stretch-sire-100mm-23my-150m-prutazna-rucni-folie', 'https://www.eobaly.cz/stretch-sire-100mm-23my-150m-prutazna-rucni-folie.htm', 6),
  (487, 'Sá?ek plochý 400x600/0,05 PINK Antistatic s klopou', 'sacek-plochy-400x600005-pink-antistatic-s-klopou', 'https://www.eobaly.cz/sacek-plochy-400x600005-pink-antistatic-s-klopou.htm', 7),
  (489, 'Stretch fólie ru?ní 500mm/ 20µm /182m pr?tažná', 'folie-stretch-prutazna-rucni-s50020my', 'https://www.eobaly.cz/folie-stretch-prutazna-rucni-s50020my.htm', 6),
  (491, 'Ohradová nástavba - Viko 1200x800x12mm (Durelis)', 'ohradova-nastavba-viko-1200x800x12mm-durelis', 'https://www.eobaly.cz/ohradova-nastavba-viko-1200x800x12mm-durelis.htm', 10),
  (493, 'Fólie bariérová ALU PLL OPA 157 1500/100m, PET 12my+ALU 9my+OPA 12my+LLDPE 100my bez tisku', 'folie-barierova-alu-pll-opa-157-1500100m-pet-12myalu-9myopa-12mylldpe-100my-bez-tisku', 'https://www.eobaly.cz/folie-barierova-alu-pll-opa-157-1500100m-pet-12myalu-9myopa-12mylldpe-100my-bez-tisku.htm', 9),
  (495, 'Sá?ek plochý 200x300/0,008 mikrotenový, role', 'sacek-plochy-200x3000008-mikrotenovy-role', 'https://www.eobaly.cz/sacek-plochy-200x3000008-mikrotenovy-role.htm', 7),
  (497, 'ROH na stohování ohradových nástaveb plastový', 'roh-na-stohovani-ohradovych-nastaveb-plastovy', 'https://www.eobaly.cz/roh-na-stohovani-ohradovych-nastaveb-plastovy.htm', 10),
  (499, 'Stretch fólie ru?ní 100mm / 9µm / 300m pr?tažná - XT3', 'folie-stretch-xt3-prutazna-rucni-s100mm-9my-300m', 'https://www.eobaly.cz/folie-stretch-xt3-prutazna-rucni-s100mm-9my-300m.htm', 6),
  (501, 'Fólie bariérová ALU PV 270 1500/100m, PES-LDPE-Al-LDPE', 'folie-barierova-alu-pv-270-1500100m-pes-ldpe-al-ldpe', 'https://www.eobaly.cz/folie-barierova-alu-pv-270-1500100m-pes-ldpe-al-ldpe.htm', 9),
  (503, 'D?ev?ná paletová ohrádka 800x600x200mm', 'drevena-paletova-ohradka-800x600x200mm', 'https://www.eobaly.cz/drevena-paletova-ohradka-800x600x200mm.htm', 10),
  (505, 'Sá?ek plochý 250x350/0,008 mikrotenový, role', 'sacek-plochy-250x3500008-mikrotenovy-role', 'https://www.eobaly.cz/sacek-plochy-250x3500008-mikrotenovy-role.htm', 7),
  (507, 'Pytel 3 D+ 1170x770x800 EUROBOX - Vacumetic', 'pytel-3-d-1170x770x800-eurobox-vacumetic', 'https://www.eobaly.cz/pytel-3-d-1170x770x800-eurobox-vacumetic.htm', 9),
  (509, 'Stretch fólie ru?ní 500mm / 17µm / 285m pr?tažná -TigerStretch', 'stretch-sire-500mm-17my-285m-prutazna-rucni-folie-tigerstretch', 'https://www.eobaly.cz/stretch-sire-500mm-17my-285m-prutazna-rucni-folie-tigerstretch.htm', 6),
  (511, 'Pytel plochý 600x1200/0,2 polyetylénový', 'pytel-plochy-600x120002-polyetylenovy', 'https://www.eobaly.cz/pytel-plochy-600x120002-polyetylenovy.htm', 7),
  (513, 'Ohradová nástavba - Viko 800x600x12mm (Durelis)', 'ohradova-nastavba-viko-800x600x12mm-durelis', 'https://www.eobaly.cz/ohradova-nastavba-viko-800x600x12mm-durelis.htm', 10),
  (515, 'Indikátor nárazu Shockwatch2 - 25 g, žlutý', 'indikator-narazu-shockwatch2-25-g-zluty', 'https://www.eobaly.cz/indikator-narazu-shockwatch2-25-g-zluty.htm', 9),
  (517, 'Stretch fólie ?erná ru?ní 500mm / 20µm / 285m pr?tažná - TigerStretch', 'stretch-sire-500mm-20my-285m-cerna-prutazna-rucni-folie-tigerstretch', 'https://www.eobaly.cz/stretch-sire-500mm-20my-285m-cerna-prutazna-rucni-folie-tigerstretch.htm', 6),
  (519, 'Pytel plochý 600x1000/0,15 polyetylénový', 'pytel-plochy-600x1000015-polyetylenovy', 'https://www.eobaly.cz/pytel-plochy-600x1000015-polyetylenovy.htm', 7),
  (521, 'Ohradová nástavba - Viko 1200x800x12mm (OSB)', 'ohradova-nastavba-viko-1200x800x12mm-osb', 'https://www.eobaly.cz/ohradova-nastavba-viko-1200x800x12mm-osb.htm', 10),
  (523, 'Indikátor nárazu Shockwatch2 - 15 g, modrý', 'indikator-narazu-shockwatch2-15-g-modry', 'https://www.eobaly.cz/indikator-narazu-shockwatch2-15-g-modry.htm', 9),
  (525, 'Pytel plochý 700x1400/0,1 polyetylénový', 'pytel-plochy-700x140001-polyetylenovy', 'https://www.eobaly.cz/pytel-plochy-700x140001-polyetylenovy.htm', 7),
  (527, 'Ohradová nástavba - Víko 800x600x12mm (OSB)', 'ohradova-nastavba-viko-800x600x12mm-osb', 'https://www.eobaly.cz/ohradova-nastavba-viko-800x600x12mm-osb.htm', 10),
  (529, 'Stretch fólie ru?ní 500mm / 20µm / 285m pr?tažná - TigerStretch', 'stretch-sire-500mm-20my-285m-prutazna-rucni-folie-tigerstretch', 'https://www.eobaly.cz/stretch-sire-500mm-20my-285m-prutazna-rucni-folie-tigerstretch.htm', 6),
  (531, 'Indikátor nárazu Shockwatch2 - 50 g, ?ervený', 'indikator-narazu-shockwatch2-50-g-cerveny', 'https://www.eobaly.cz/indikator-narazu-shockwatch2-50-g-cerveny.htm', 9),
  (533, 'Pytel plochý PE 800x1200/0,10 RC', 'pytel-plochy-pe-800x1200010-rc', 'https://www.eobaly.cz/pytel-plochy-pe-800x1200010-rc.htm', 7),
  (535, 'Paleta plastová 1200x1000x145 - nosnost 1000 kg', 'paleta-plastova-1200x100x145-nosnost-1000-kg', 'https://www.eobaly.cz/paleta-plastova-1200x100x145-nosnost-1000-kg.htm', 10),
  (537, 'Stretch fólie ru?ní 500mm / 23µm / 162m pr?tažná', 'stretch-sire-500mm-23my-prutazna-rucni-folie', 'https://www.eobaly.cz/stretch-sire-500mm-23my-prutazna-rucni-folie.htm', 6),
  (540, 'Pytel plochý 1000x1500/0,1 polyetylénový', 'pytel-plochy-1000x150001-polyetylenovy', 'https://www.eobaly.cz/pytel-plochy-1000x150001-polyetylenovy.htm', 7),
  (541, 'Indikátor nárazu 25 g', 'indikator-narazu-25g', 'https://www.eobaly.cz/indikator-narazu-25g.htm', 9),
  (543, 'Paleta plastová 1200x800x150 - nosnost 1200 kg', 'paleta-plastova-1200x800x150-nosnost-1200-kg', 'https://www.eobaly.cz/paleta-plastova-1200x800x150-nosnost-1200-kg.htm', 10),
  (545, 'Stretch fólie ?erná ru?ní 500mm / 23µm / 162m pr?tažná', 'stretch-sire-500mm-23my-prutazna-rucni-folie-cerna', 'https://www.eobaly.cz/stretch-sire-500mm-23my-prutazna-rucni-folie-cerna.htm', 6),
  (547, 'Pytel 1325x800x850/0,06 polyetylénový s bo?ními sklady', 'pytel-3d-1325800x850006-polyetylenovy-s-bocnimi-sklady-100-primar', 'https://www.eobaly.cz/pytel-3d-1325800x850006-polyetylenovy-s-bocnimi-sklady-100-primar.htm', 7),
  (549, 'Indikátor p?eklopení TIP-N-Tell', 'indikator-preklopeni', 'https://www.eobaly.cz/indikator-preklopeni.htm', 9),
  (551, 'Paleta plastová 1200x800x145 - nosnost 1000 kg', 'paleta-plastova-1200x800x145-nosnost-1000-kg', 'https://www.eobaly.cz/paleta-plastova-1200x800x145-nosnost-1000-kg.htm', 10),
  (553, 'Stretch fólie ru?ní 500mm / 23µm / 285m - TigerStretch', 'stretch-sire-500mm-23my-285m-prutazna-rucni-folie-tigerstretch', 'https://www.eobaly.cz/stretch-sire-500mm-23my-285m-prutazna-rucni-folie-tigerstretch.htm', 6),
  (555, 'Taška 500x700 /0,1 Modrá - proseklé držadlo', 'taska-500x700-01-modra-prosekle-drzadlo', 'https://www.eobaly.cz/taska-500x700-01-modra-prosekle-drzadlo.htm', 7),
  (557, 'Indikátor vlhkosti B1 30/40/50% RV', 'indikator-vlhkosti-b1-304050-rv', 'https://www.eobaly.cz/indikator-vlhkosti-b1-304050-rv.htm', 9),
  (559, 'Stretch fólie ru?ní 500mm / 9µm / 600m - XT3', 'stretch-sire-500mm-17myprutazna-rucni-folie', 'https://www.eobaly.cz/stretch-sire-500mm-17myprutazna-rucni-folie.htm', 6),
  (561, 'Taška 500x700 /0,1 Žlutá - proseklé držadlo', 'taska-500x700-01-zluta-prosekle-drzadlo', 'https://www.eobaly.cz/taska-500x700-01-zluta-prosekle-drzadlo.htm', 7),
  (564, 'Indikátor vlhkosti typ C, t?ída 1-7 úrovní RV', 'indikator-vlhkosti-typ-c-trida-1-7-urovni-rv', 'https://www.eobaly.cz/indikator-vlhkosti-typ-c-trida-1-7-urovni-rv.htm', 9),
  (565, 'Stretch fólie strojní 500mm/9µm/3 671m pr?tažná - XT3', 'stretch-sire-500-mm9-um-prutazna-strojni-folie-xt3-navin-3-671m', 'https://www.eobaly.cz/stretch-sire-500-mm9-um-prutazna-strojni-folie-xt3-navin-3-671m.htm', 6),
  (567, 'Manipula?ní zna?ka CHRÁNIT P?ED DEŠT?M 68 x 120 - papír. samolep. - ?SN 77 0051, EN ISO 780', 'manipulacni-znacka-chranit-pred-destem-68x120-papir-samolep-csn-77-0051-en-iso-780', 'https://www.eobaly.cz/manipulacni-znacka-chranit-pred-destem-68x120-papir-samolep-csn-77-0051-en-iso-780.htm', 9),
  (569, 'Pytel 3D 1100+2x375x1100/0,1 polyetylénový ?erný RC', 'pytel-3d-11002x375x110001-polyetylenovy-cerny-rc', 'https://www.eobaly.cz/pytel-3d-11002x375x110001-polyetylenovy-cerny-rc.htm', 7),
  (571, 'Odvíje? pr?tažné fólie STRETCH, plastový, jednodílný -pro role 10 cm', 'odvijec-prutazne-folie-stretch-plastovy-jednodilny-pro-role-10-cm', 'https://www.eobaly.cz/odvijec-prutazne-folie-stretch-plastovy-jednodilny-pro-role-10-cm.htm', 6),
  (573, 'Manipula?ní zna?ka K?EHKÉ, OPATRN? ZACHÁZET 68 x 120 - papír. samolep. - ?SN 77 0051, EN ISO 780', 'manipulacni-znacka-krehke-opatrne-zachazet-68x120-papir-samolep-csn-77-0051-en-iso-780', 'https://www.eobaly.cz/manipulacni-znacka-krehke-opatrne-zachazet-68x120-papir-samolep-csn-77-0051-en-iso-780.htm', 9),
  (575, 'Odvíje? pr?tažné fólie STRETCH, plastový, dvoudílný - Reel off Set', 'odvijec-prutazne-folie-stretch-plastovy-dvoudilny-reel-off-set', 'https://www.eobaly.cz/odvijec-prutazne-folie-stretch-plastovy-dvoudilny-reel-off-set.htm', 6),
  (577, 'Pytel 650+2x225x1300/0,1 s bo?ními sklady', 'pytel-6502x225x130001-s-bocnimi-sklady', 'https://www.eobaly.cz/pytel-6502x225x130001-s-bocnimi-sklady.htm', 7),
  (579, 'Manipula?ní zna?ka HMOTNOSTNÍ LIMIT STOHOVÁNÍ 68 x 120 - papír.samolep. ?SN 77 0051, EN ISO 780', 'manipulacni-znacka-hmotnostni-limit-stohovani-68x120-papir-samolep-csn-77-0051-en-iso-780', 'https://www.eobaly.cz/manipulacni-znacka-hmotnostni-limit-stohovani-68x120-papir-samolep-csn-77-0051-en-iso-780.htm', 9),
  (581, 'Odvíje? pr?tažné fólie STRETCH, plastový, dvoudílný', 'odvijec-prutazne-folie-stretch-plastovy-dvoudilny', 'https://www.eobaly.cz/odvijec-prutazne-folie-stretch-plastovy-dvoudilny.htm', 6),
  (583, 'Pytel 3D 1250x1080x1800/0,100 s bo?ními sklady', 'pytel-3d-1250x1080x18000100-s-bocnimi-sklady', 'https://www.eobaly.cz/pytel-3d-1250x1080x18000100-s-bocnimi-sklady.htm', 7),
  (585, 'Manipula?ní zna?ka TÍMTO SM?REM NAHORU 68 x 120 - papír. samolep. ?SN 77 0051, EN ISO 780', 'manipulacni-znacka-timto-smerem-nahoru-68x120-papir-samolep-csn-77-0051-en-iso-780', 'https://www.eobaly.cz/manipulacni-znacka-timto-smerem-nahoru-68x120-papir-samolep-csn-77-0051-en-iso-780.htm', 9),
  (588, 'Odvíje? pr?tažné fólie STRETCH, kovový, PROFI s brzdou', 'odvijec-prutazne-folie-stretch-kovovy-profi-s-brzdou', 'https://www.eobaly.cz/odvijec-prutazne-folie-stretch-kovovy-profi-s-brzdou.htm', 6),
  (589, 'Pytel na odpad 700x1100/0,1 polyetylénový', 'pytel-na-odpad-700x110001-polyetylenovy', 'https://www.eobaly.cz/pytel-na-odpad-700x110001-polyetylenovy.htm', 7),
  (591, 'Odvíje? pr?tažné fólie STRETCH stolní /OFR-3/', 'odvijec-prutazne-folie-stretch-stolni-ofr-3', 'https://www.eobaly.cz/odvijec-prutazne-folie-stretch-stolni-ofr-3.htm', 6),
  (593, 'Paletiza?ní st?íška NESTOHOVAT, ?ervená, 3ks set', 'paletizacni-striska-nestohovat-626x1000330-cervena-130e-se-sam-vrstvou-2x-perforace-3ksset', 'https://www.eobaly.cz/paletizacni-striska-nestohovat-626x1000330-cervena-130e-se-sam-vrstvou-2x-perforace-3ksset.htm', 9),
  (595, 'Pytel na odpad 700x1100/0,02 polyetylénový', 'pytel-na-odpad-700x1100002-polyetylenovy', 'https://www.eobaly.cz/pytel-na-odpad-700x1100002-polyetylenovy.htm', 7),
  (597, 'Pytel na odpad 700x1100/0,2 polyetylénový', 'pytel-na-odpad-700x110002-polyetylenovy', 'https://www.eobaly.cz/pytel-na-odpad-700x110002-polyetylenovy.htm', 7),
  (599, 'Rukáv sí?ový typ 125 (doporu?eno pro D=30-80mm)', 'rukav-sitovy-typ-125-doporuceno-pro-d30-80mm', 'https://www.eobaly.cz/rukav-sitovy-typ-125-doporuceno-pro-d30-80mm.htm', 6),
  (601, 'Manipula?ní zna?ka 204x120 3 Symboly', 'manipulacni-znacka-204x120-3-symboly', 'https://www.eobaly.cz/manipulacni-znacka-204x120-3-symboly.htm', 9),
  (603, 'Pytel na odpad 700x1100/0,05 polyetylénový', 'pytel-na-odpad-700x1100005-polyetylenovy', 'https://www.eobaly.cz/pytel-na-odpad-700x1100005-polyetylenovy.htm', 7),
  (605, 'Rukáv sí?ový typ 150 (doporu?eno pro D=20-40mm)', 'rukav-sitovy-typ-150-doporuceno-pro-d20-40mm', 'https://www.eobaly.cz/rukav-sitovy-typ-150-doporuceno-pro-d20-40mm.htm', 6),
  (607, 'Vysoušedlo - Silikagel BÍLÝ, zrn?ní 2-5 mm', 'vysousedlo-silikagel-bily-zrneni-2-5mm', 'https://www.eobaly.cz/vysousedlo-silikagel-bily-zrneni-2-5mm.htm', 9),
  (609, 'Stojan na pytle na odpad s víkem', 'stojan-na-pytle-na-odpad-s-vikem', 'https://www.eobaly.cz/stojan-na-pytle-na-odpad-s-vikem.htm', 7),
  (611, 'Rukáv sí?ový typ 152 (doporu?eno pro D=30-60mm)', 'rukav-sitovy-typ-152-doporuceno-pro-d30-60mm', 'https://www.eobaly.cz/rukav-sitovy-typ-152-doporuceno-pro-d30-60mm.htm', 6),
  (613, 'Vysoušedlo - Silikagel ORANGE, zrn?ní 2-5mm', 'vysousedlo-silikagel-orange-zrneni-2-5mm', 'https://www.eobaly.cz/vysousedlo-silikagel-orange-zrneni-2-5mm.htm', 9),
  (615, 'Taška sí?ovka - bílá', 'taska-sitovka-bila', 'https://www.eobaly.cz/taska-sitovka-bila.htm', 7),
  (617, 'Rukáv sí?ový typ 160 (doporu?eno pro D=40-70mm)', 'rukav-sitovy-typ-160-doporuceno-pro-d40-70mm', 'https://www.eobaly.cz/rukav-sitovy-typ-160-doporuceno-pro-d40-70mm.htm', 6),
  (619, 'Sá?ek vysoušecí VA 10 200x100x30mm, silikagel bílý, 270g', 'sacek-vysouseci-va-10-200x100x30mmsilikagel-bily270g', 'https://www.eobaly.cz/sacek-vysouseci-va-10-200x100x30mmsilikagel-bily270g.htm', 9),
  (621, 'Taška sí?ovka - ?ervená', 'taska-sitovka-cervena', 'https://www.eobaly.cz/taska-sitovka-cervena.htm', 7),
  (623, 'Rukáv sí?ový typ 201/10 PE (doporu?eno pro D=90-140mm)', 'rukav-sitovy-typ-20110-pe-doporuceno-pro-d90-140mm', 'https://www.eobaly.cz/rukav-sitovy-typ-20110-pe-doporuceno-pro-d90-140mm.htm', 6),
  (625, 'Sá?ek vysoušecí TA 2', 'sacek-vysouseci-ta-2', 'https://www.eobaly.cz/sacek-vysouseci-ta-2.htm', 9),
  (627, 'Sá?ek vysoušecí TA 4', 'sacek-vysouseci-ta-4', 'https://www.eobaly.cz/sacek-vysouseci-ta-4.htm', 9),
  (629, 'Sá?ek vysoušecí TA 8', 'sacek-vysouseci-ta-8', 'https://www.eobaly.cz/sacek-vysouseci-ta-8.htm', 9),
  (631, 'Sá?ek vysoušecí VA 1', 'sacek-vysouseci-va-1', 'https://www.eobaly.cz/sacek-vysouseci-va-1.htm', 9),
  (633, 'Sá?ek vysoušecí VA 16', 'sacek-vysouseci-va-16', 'https://www.eobaly.cz/sacek-vysouseci-va-16.htm', 9),
  (635, 'Sá?ek vysoušecí VA 1/6', 'sacek-vysouseci-va-1-6', 'https://www.eobaly.cz/sacek-vysouseci-va-1-6.htm', 9),
  (637, 'Sá?ek vysoušecí VA 2', 'sacek-vysouseci-va-2', 'https://www.eobaly.cz/sacek-vysouseci-va-2.htm', 9),
  (639, 'Sá?ek vysoušecí VA 32', 'sacek-vysouseci-va-32', 'https://www.eobaly.cz/sacek-vysouseci-va-32.htm', 9),
  (641, 'Sá?ek vysoušecí VA 4', 'sacek-vysouseci-va-4', 'https://www.eobaly.cz/sacek-vysouseci-va-4.htm', 9),
  (643, 'Sá?ek vysoušecí VA 8', 'sacek-vysouseci-va-8', 'https://www.eobaly.cz/sacek-vysouseci-va-8.htm', 9),
  (645, 'Sá?ek vysoušecí TranSorb Container Dry - 196 g', 'sacek-vysouseci-transorb-container-dry-196-g', 'https://www.eobaly.cz/sacek-vysouseci-transorb-container-dry-196-g.htm', 9),
  (647, 'Sá?ek vysoušecí TA mini bag 0,5 g', 'sacek-vysouseci-ta-mini-bag-05-g', 'https://www.eobaly.cz/sacek-vysouseci-ta-mini-bag-05-g.htm', 9),
  (649, 'Sá?ek vysoušecí TA mini bag 1g', 'sacek-vysouseci-ta-mini-bag-1g', 'https://www.eobaly.cz/sacek-vysouseci-ta-mini-bag-1g.htm', 9),
  (651, 'Sá?ek vysoušecí TA mini bag 2g', 'sacek-vysouseci-ta-mini-bag-2g', 'https://www.eobaly.cz/sacek-vysouseci-ta-mini-bag-2g.htm', 9),
  (653, 'Sá?ek vysoušecí PA 1/3 DO NOT EAT - SILIKA GEL', 'sacek-vysouseci-pa-13-do-not-eat-silica-gel', 'https://www.eobaly.cz/sacek-vysouseci-pa-13-do-not-eat-silica-gel.htm', 9),
  (655, 'Poštovní obálka A5 187x272x-50 mikrovlnná lepenka', 'obalka-zasilkova-a5-din-187x272x-50-mikrovlnna-lepenka', 'https://www.eobaly.cz/obalka-zasilkova-a5-din-187x272x-50-mikrovlnna-lepenka.htm', 3),
  (657, 'Poštovní obálka A4+ 235x337x-35 mikrovlnná lepenka', 'obalka-zasilkova-a4-din-235x337x-35-mikrovlnna-lepenka', 'https://www.eobaly.cz/obalka-zasilkova-a4-din-235x337x-35-mikrovlnna-lepenka.htm', 3),
  (659, 'Poštovní obálka A4 210x292x-50 mikrovlnná lepenka', 'obalka-zasilkova-a4-din-210x292x-50-mikrovlnna-lepenka', 'https://www.eobaly.cz/obalka-zasilkova-a4-din-210x292x-50-mikrovlnna-lepenka.htm', 3),
  (661, 'Poštovní obálka A3 335x500x-50 mikrovlnná lepenka', 'obalka-zasilkova-a3-din-335x500x-50-mikrovlnna-lepenka', 'https://www.eobaly.cz/obalka-zasilkova-a3-din-335x500x-50-mikrovlnna-lepenka.htm', 3),
  (663, 'Poštovní obálka 1-2CD 145x190x-25 mikrovlnná lepenka', 'obalka-zasilkova-1-2cd-din-145x190x-25-mikrovlnna-lepenka', 'https://www.eobaly.cz/obalka-zasilkova-1-2cd-din-145x190x-25-mikrovlnna-lepenka.htm', 3),
  (665, 'Poštovní obálka DVD 150x250x-50 mikrovlnná lepenka', 'obalka-zasilkova-dvd-din-150x250x-50-mikrovlnna-lepenka', 'https://www.eobaly.cz/obalka-zasilkova-dvd-din-150x250x-50-mikrovlnna-lepenka.htm', 3),
  (667, 'Poštovní obálka C4+ 248x340x-50 mikrovlnná lepenka', 'obalka-zasilkova-c4-din-248x340x-50-mikrovlnna-lepenka', 'https://www.eobaly.cz/obalka-zasilkova-c4-din-248x340x-50-mikrovlnna-lepenka.htm', 3),
  (669, 'Poštovní obálka B4 246x357x-50 mikrovlnná lepenka', 'obalka-zasilkova-b4-din-246x357x-50-mikrovlnna-lepenka', 'https://www.eobaly.cz/obalka-zasilkova-b4-din-246x357x-50-mikrovlnna-lepenka.htm', 3),
  (671, 'Poštovní obálka B4+ 285x397x-50 mikrovlnná lepenka', 'obalka-zasilkova-b4-din-285x397x-50-mikrovlnna-lepenka', 'https://www.eobaly.cz/obalka-zasilkova-b4-din-285x397x-50-mikrovlnna-lepenka.htm', 3),
  (673, 'Poštovní obálka A2 414x570x-50 mikrovlnná lepenka', 'obalka-zasilkova-a2-din-414x570x-50-mikrovlnna-lepenka', 'https://www.eobaly.cz/obalka-zasilkova-a2-din-414x570x-50-mikrovlnna-lepenka.htm', 3),
  (675, 'Poštovní obálka 740x530x-55 mikrovlnná lepenka', 'obalka-zasilkova-740x530x-55-mikrovlnna-lepenka', 'https://www.eobaly.cz/obalka-zasilkova-740x530x-55-mikrovlnna-lepenka.htm', 3),
  (677, 'Bublinková obálka 120x175 A/11', 'obalka-s-bublinkovou-folii-120x175-a-11', 'https://www.eobaly.cz/obalka-s-bublinkovou-folii-120x175-a-11.htm', 3),
  (679, 'Bublinková obálka 140x225 B/12', 'obalka-s-bublinkovou-folii-140x225-b-12', 'https://www.eobaly.cz/obalka-s-bublinkovou-folii-140x225-b-12.htm', 3),
  (681, 'Bublinková obálka 170x225 C/13', 'obalka-s-bublinkovou-folii-170x225-c-13', 'https://www.eobaly.cz/obalka-s-bublinkovou-folii-170x225-c-13.htm', 3),
  (683, 'Bublinková obálka CD 200x175', 'obalka-s-bublinkovou-folii-200x175-cd', 'https://www.eobaly.cz/obalka-s-bublinkovou-folii-200x175-cd.htm', 3),
  (685, 'Bublinková obálka 200x275 D/14', 'obalka-s-bublinkovou-folii-200x275-d-14', 'https://www.eobaly.cz/obalka-s-bublinkovou-folii-200x275-d-14.htm', 3),
  (687, 'Bublinková obálka 240x275 E/15', 'obalka-s-bublinkovou-folii-240x275-e-15', 'https://www.eobaly.cz/obalka-s-bublinkovou-folii-240x275-e-15.htm', 3),
  (689, 'Bublinková obálka 240x345 F/16', 'obalka-s-bublinkovou-folii-240x345-f-16', 'https://www.eobaly.cz/obalka-s-bublinkovou-folii-240x345-f-16.htm', 3),
  (691, 'Bublinková obálka 250x345 G/17', 'obalka-s-bublinkovou-folii-250x345-g-17', 'https://www.eobaly.cz/obalka-s-bublinkovou-folii-250x345-g-17.htm', 3),
  (693, 'Bublinková obálka 290x370 H/18', 'obalka-s-bublinkovou-folii-290x370-h-18', 'https://www.eobaly.cz/obalka-s-bublinkovou-folii-290x370-h-18.htm', 3),
  (695, 'Bublinková obálka 320x455 I/19', 'obalka-s-bublinkovou-folii-320x455-i-19', 'https://www.eobaly.cz/obalka-s-bublinkovou-folii-320x455-i-19.htm', 3),
  (697, 'Bublinková obálka 370x480 K/20', 'obalka-s-bublinkovou-folii-370x480-k-20', 'https://www.eobaly.cz/obalka-s-bublinkovou-folii-370x480-k-20.htm', 3),
  (699, 'Obálka plastová samolepicí bílo-?erná 325x425+50x0,06', 'obalka-plastova-samolepici-bilo-cerna-325x42550x006', 'https://www.eobaly.cz/obalka-plastova-samolepici-bilo-cerna-325x42550x006.htm', 3),
  (701, 'Obálka plastová samolepicí bílo-?erná 225x325+50x0,06', 'obalka-plastova-samolepici-bilo-cerna-225x32550x006-2', 'https://www.eobaly.cz/obalka-plastova-samolepici-bilo-cerna-225x32550x006-2.htm', 3),
  (703, 'Obálka plastová samolepicí bílo-?erná 250x350+50x0,06', 'obalka-plastova-samolepici-bilo-cerna-240x35050x006', 'https://www.eobaly.cz/obalka-plastova-samolepici-bilo-cerna-240x35050x006.htm', 3),
  (705, 'Obálka plastová samolepicí bílo-?erná 400x500+50x0,07', 'obalka-plastova-samolepici-bilo-cerna-400x50050x007', 'https://www.eobaly.cz/obalka-plastova-samolepici-bilo-cerna-400x50050x007.htm', 3),
  (707, 'Obálka plastová samolepicí bílo-?erná 175x255+50x0,06', 'obalka-plastova-samolepici-bilo-cerna-175x25550x006-2', 'https://www.eobaly.cz/obalka-plastova-samolepici-bilo-cerna-175x25550x006-2.htm', 3),
  (709, 'Obálka plastová samolepicí bílo-?erná 650x450+50x0,06', 'obalka-plastova-samolepici-bilo-cerna-650x45050x006', 'https://www.eobaly.cz/obalka-plastova-samolepici-bilo-cerna-650x45050x006.htm', 3),
  (711, 'Poštovní obálka 1-2CD\'s 145x190x-25 mikrovlnná lepenka bílá', 'obalka-zasilkova-1-2cds-din-145x190x-25-mikrovlnna-lepenka-bila', 'https://www.eobaly.cz/obalka-zasilkova-1-2cds-din-145x190x-25-mikrovlnna-lepenka-bila.htm', 3),
  (713, 'Poštovní obálka C4 330x230x-30 mikrovlnná lepenka', 'obalka-zasilkova-c4-din-330x230x-30-mikrovlnna-lepenka', 'https://www.eobaly.cz/obalka-zasilkova-c4-din-330x230x-30-mikrovlnna-lepenka.htm', 3),
  (715, 'Poštovní obálka B5+ 270x185x-30 mikrovlnná lepenka', 'obalka-zasilkova-b5-din-270x185x-30-mikrovlnna-lepenka', 'https://www.eobaly.cz/obalka-zasilkova-b5-din-270x185x-30-mikrovlnna-lepenka.htm', 3),
  (717, 'Obálka plastová samolepicí bílo-?erná 200x270+80 tl. 0,06 s uchem', 'obalka-plastova-samolepici-bilo-cerna-200x27080-tl-006-s-uchem', 'https://www.eobaly.cz/obalka-plastova-samolepici-bilo-cerna-200x27080-tl-006-s-uchem.htm', 3),
  (719, 'Obálka plastová samolepicí bílo-?erná 280x370+80 tl. 0,06 s uchem', 'obalka-plastova-samolepici-bilo-cerna-280x37080-tl-006-s-uchem', 'https://www.eobaly.cz/obalka-plastova-samolepici-bilo-cerna-280x37080-tl-006-s-uchem.htm', 3),
  (721, 'Obálka plastová samolepicí bílo-?erná 360x550+80 tl. 0,06 s uchem', 'obalka-plastova-samolepici-bilo-cerna-360x55080-tl-006-s-uchem', 'https://www.eobaly.cz/obalka-plastova-samolepici-bilo-cerna-360x55080-tl-006-s-uchem.htm', 3),
  (723, 'Obálka plastová samolepicí bílo-?erná 480x650+80 tl. 0,06 s uchem', 'obalka-plastova-samolepici-bilo-cerna-480x65080-tl-006-s-uchem', 'https://www.eobaly.cz/obalka-plastova-samolepici-bilo-cerna-480x65080-tl-006-s-uchem.htm', 3),
  (725, 'Obálka zásilková A4 235x308x-30 skláda?ková lepenka', 'obalka-zasilkova-a4-din-235x308x-30-skladackova-lepenka', 'https://www.eobaly.cz/obalka-zasilkova-a4-din-235x308x-30-skladackova-lepenka.htm', 3),
  (727, 'Obálka zásilková B4 285x365x-30 skláda?ková lepenka', 'obalka-zasilkova-b4-din-285x365x-30-skladackova-lepenka', 'https://www.eobaly.cz/obalka-zasilkova-b4-din-285x365x-30-skladackova-lepenka.htm', 3),
  (729, 'Obálka adresní na doklady C5 s opakovatelnou klopou', 'obalka-adresni-na-doklady-c5-s-opakovatelnou-klopou', 'https://www.eobaly.cz/obalka-adresni-na-doklady-c5-s-opakovatelnou-klopou.htm', 3),
  (731, 'Obálka adresní na doklady DL s opakovatelnou klopou', 'obalka-adresni-na-doklady-samolepici-dl-s-opakovatelnou-klopou', 'https://www.eobaly.cz/obalka-adresni-na-doklady-samolepici-dl-s-opakovatelnou-klopou.htm', 3),
  (733, 'Obálka adresní na doklady samolepicí C5, pro doklady formátu A5', 'obalka-adresni-na-doklady-samolepici-c5-pro-doklady-formatu-a5', 'https://www.eobaly.cz/obalka-adresni-na-doklady-samolepici-c5-pro-doklady-formatu-a5.htm', 3),
  (735, 'Obálka adresní na doklady samolepicí C6, pro doklady formátu A6', 'obalka-adresni-na-doklady-samolepici-c6-pro-doklady-formatu-a6', 'https://www.eobaly.cz/obalka-adresni-na-doklady-samolepici-c6-pro-doklady-formatu-a6.htm', 3),
  (737, 'Obálka adresní na doklady samolepicí C6 L, pro složené doklady formátu DL', 'obalka-adresni-na-doklady-samolepici-c6-l-pro-slozene-doklady-formatu-dl', 'https://www.eobaly.cz/obalka-adresni-na-doklady-samolepici-c6-l-pro-slozene-doklady-formatu-dl.htm', 3),
  (739, 'Obálka adresní na doklady samolepicí C4, pro doklady formátu A4', 'obalka-adresni-na-doklady-samolepici-c4-pro-doklady-formatu-a4', 'https://www.eobaly.cz/obalka-adresni-na-doklady-samolepici-c4-pro-doklady-formatu-a4.htm', 3),
  (741, 'Obálka adresní na doklady samolepicí C6 L, pro doklady formátu DL, tisk DOCUMENTS ENCLOSED', 'obalka-adresni-na-doklady-samolepici-c6-l-pro-doklady-formatu-dl-tisk-documents-enclosed', 'https://www.eobaly.cz/obalka-adresni-na-doklady-samolepici-c6-l-pro-doklady-formatu-dl-tisk-documents-enclosed.htm', 3),
  (743, 'Obálka adresní na doklady samolepicí C5, ?ervený tisk', 'obalka-adresni-na-doklady-samolepici-c5-cerveny-tisk', 'https://www.eobaly.cz/obalka-adresni-na-doklady-samolepici-c5-cerveny-tisk.htm', 3),
  (745, 'Obálka adresní na doklady samolepicí C7, pro doklady formátu A7', 'obalka-adresni-na-doklady-samolepici-113x100mm', 'https://www.eobaly.cz/obalka-adresni-na-doklady-samolepici-113x100mm.htm', 3),
  (747, 'Rychlouzavírací krabice 200x150x100 BALBOX SPEED', 'zasilkova-krabice-200x150x100-balbox-speed', 'https://www.eobaly.cz/zasilkova-krabice-200x150x100-balbox-speed.htm', 3),
  (749, 'Rychlouzavírací krabice 200x150x150 BALBOX SPEED', 'zasilkova-krabice-200x150x150-balbox-speed', 'https://www.eobaly.cz/zasilkova-krabice-200x150x150-balbox-speed.htm', 3),
  (751, 'Rychlouzavírací krabice 300x200x100 BALBOX SPEED', 'zasilkova-krabice-300x200x100-balbox-speed', 'https://www.eobaly.cz/zasilkova-krabice-300x200x100-balbox-speed.htm', 3),
  (753, 'Rychlouzavírací krabice 300x200x150 BALBOX SPEED', 'zasilkova-krabice-300x200x150-balbox-speed', 'https://www.eobaly.cz/zasilkova-krabice-300x200x150-balbox-speed.htm', 3),
  (755, 'Rychlouzavírací krabice 400x300x200 BALBOX SPEED', 'zasilkova-krabice-400x300x200-balbox-speed', 'https://www.eobaly.cz/zasilkova-krabice-400x300x200-balbox-speed.htm', 3),
  (757, 'Krabice rychlouzavírací 310x230x110 3VVL', 'krabice-rychlouzaviraci-260x200x160-3vvl-2', 'https://www.eobaly.cz/krabice-rychlouzaviraci-260x200x160-3vvl-2.htm', 3),
  (759, 'Krabice poštovní 145x95x55 3VVL', 'krabice-postovni-145x95x55-3vvl-bh125b-fefco-0713', 'https://www.eobaly.cz/krabice-postovni-145x95x55-3vvl-bh125b-fefco-0713.htm', 3),
  (761, 'Krabice poštovní 175x115x37 3VVL', 'krabice-postovni-175x115x37-3vvl-bh-6401-e-fefco-0713', 'https://www.eobaly.cz/krabice-postovni-175x115x37-3vvl-bh-6401-e-fefco-0713.htm', 3),
  (763, 'Krabice poštovní 175x115x85 3VVL', 'krabice-postovni-175x115x85-3vvl-bh125b-fefco-0713', 'https://www.eobaly.cz/krabice-postovni-175x115x85-3vvl-bh125b-fefco-0713.htm', 3),
  (765, 'Krabice poštovní 195x135x55 3VVL', 'krabice-postovni-195x135x55-3vvl-bh125b-fefco-0713', 'https://www.eobaly.cz/krabice-postovni-195x135x55-3vvl-bh125b-fefco-0713.htm', 3),
  (767, 'Krabice poštovní 245x170x37 3VVL', 'krabice-postovni-245x170x37-3vvl-bh-6401-e-fefco-0713', 'https://www.eobaly.cz/krabice-postovni-245x170x37-3vvl-bh-6401-e-fefco-0713.htm', 3),
  (769, 'Krabice poštovní 245x170x85 3VVL', 'krabice-postovni-245x170x85-3vvl-bh125b-fefco-0713', 'https://www.eobaly.cz/krabice-postovni-245x170x85-3vvl-bh125b-fefco-0713.htm', 3),
  (771, 'Krabice poštovní 278x205x75 3VVL', 'krabice-postovni-278x205x75-3vvl-bh125b-fefco-0713', 'https://www.eobaly.cz/krabice-postovni-278x205x75-3vvl-bh125b-fefco-0713.htm', 3),
  (773, 'Krabice poštovní 302x198x115 3VVL', 'krabice-postovni-302x198x115-3vvl-bh125b-fefco-0713', 'https://www.eobaly.cz/krabice-postovni-302x198x115-3vvl-bh125b-fefco-0713.htm', 3),
  (775, 'Krabice poštovní 345x245x105 3VVL', 'krabice-postovni-345x245x105-3vvl-bh125b-fefco-0713', 'https://www.eobaly.cz/krabice-postovni-345x245x105-3vvl-bh125b-fefco-0713.htm', 3),
  (777, 'Krabice poštovní 375x265x125 3VVL', 'krabice-postovni-375x265x125-3vvl-bh125b-fefco-0713', 'https://www.eobaly.cz/krabice-postovni-375x265x125-3vvl-bh125b-fefco-0713.htm', 3),
  (779, 'Krabice poštovní 395x245x135 3VVL', 'krabice-postovni-395x245x135-3vvl-bh125b-fefco-0713', 'https://www.eobaly.cz/krabice-postovni-395x245x135-3vvl-bh125b-fefco-0713.htm', 3),
  (781, 'Krabice poštovní hn?dá 200x160x130 3VVL', 'krabice-tvvysek-200x160x130-3vl-hh-102b', 'https://www.eobaly.cz/krabice-tvvysek-200x160x130-3vl-hh-102b.htm', 3),
  (783, 'Krabice poštovní hn?dá 240x140x60 3VVL', 'krabice-tvvysek-240x140x60-3vl-hh-102b', 'https://www.eobaly.cz/krabice-tvvysek-240x140x60-3vl-hh-102b.htm', 3),
  (785, 'Krabice poštovní hn?dá 245x185x75 3VVL', 'krabice-tvvysek-245x185x75-3vl-hh-102b', 'https://www.eobaly.cz/krabice-tvvysek-245x185x75-3vl-hh-102b.htm', 3),
  (787, 'krabice poštovní hn?dá 245x185x120 3VVL', 'krabice-tvvysek-245x185x120-3vl-hh-102b', 'https://www.eobaly.cz/krabice-tvvysek-245x185x120-3vl-hh-102b.htm', 3),
  (789, 'Krabice poštovní hn?dá 260x200x105 3VVL', 'krabice-tvvysek-260x200x105-3vl-hh-102b', 'https://www.eobaly.cz/krabice-tvvysek-260x200x105-3vl-hh-102b.htm', 3),
  (791, 'Krabice poštovní hn?dá 300x240x105 3VVL', 'krabice-tvvysek-300x240x105-3vl-hh-102b', 'https://www.eobaly.cz/krabice-tvvysek-300x240x105-3vl-hh-102b.htm', 3),
  (793, 'Krabice poštovní hn?dá 300x240x160 3VVL', 'krabice-tvvysek-300x240x160-3vl-hh-102b', 'https://www.eobaly.cz/krabice-tvvysek-300x240x160-3vl-hh-102b.htm', 3),
  (795, 'Krabice poštovní hn?dá 370x170x120 3VVL', 'krabice-tvvysek-370x170x120-3vl-hh-102b', 'https://www.eobaly.cz/krabice-tvvysek-370x170x120-3vl-hh-102b.htm', 3),
  (797, 'Krabice poštovní hn?dá 370x170x170 3VVL', 'krabice-tvvysek-370x170x170-3vl-hh-102b', 'https://www.eobaly.cz/krabice-tvvysek-370x170x170-3vl-hh-102b.htm', 3),
  (799, 'Zásilkový obal s fóliovou fixací 12\"- 19\" FLEXIBAL', 'komplet-notebook-max-19-krabice-5vvl-545x363x109-fixacni-prolozka-430x310x70', 'https://www.eobaly.cz/komplet-notebook-max-19-krabice-5vvl-545x363x109-fixacni-prolozka-430x310x70.htm', 3),
  (801, 'Zásilková krabice C5 230x165x115 REVERSE', 'zasilkova-krabice-c5-230x165x115-3vvl-reverse', 'https://www.eobaly.cz/zasilkova-krabice-c5-230x165x115-3vvl-reverse.htm', 3),
  (803, 'Zásilková krabice 284x284x167 REVERSE', 'zasilkova-krabice-284x284x167-3vvl-revers', 'https://www.eobaly.cz/zasilkova-krabice-284x284x167-3vvl-revers.htm', 3),
  (805, 'Zásilková krabice A4+ 305x250x175 REVERSE', 'zasilkova-krabice-a4-305x250x175-3vvl-revers', 'https://www.eobaly.cz/zasilkova-krabice-a4-305x250x175-3vvl-revers.htm', 3),
  (807, 'Zásilková krabice A4 300x212x43 SECURE', 'zasilkova-krabice-secure-a4-300x212x43', 'https://www.eobaly.cz/zasilkova-krabice-secure-a4-300x212x43.htm', 3),
  (809, 'Zásilková krabice A5+ 215x155x43 SECURE', 'zasilkova-krabice-secure-a5-215x155x43', 'https://www.eobaly.cz/zasilkova-krabice-secure-a5-215x155x43.htm', 3),
  (811, 'Zásilková krabice A5+ 230x166x90 SECURE', 'zasilkova-krabice-secure-a5-230x166x90', 'https://www.eobaly.cz/zasilkova-krabice-secure-a5-230x166x90.htm', 3),
  (813, 'Zásilková krabice A4 305x212x110 SECURE', 'zasilkova-krabice-secure-a4-305x2012x110', 'https://www.eobaly.cz/zasilkova-krabice-secure-a4-305x2012x110.htm', 3),
  (815, 'Zásilková krabice -A5+ 229x164x50-115 SPEEDBOX', 'zasilkova-krabice-a5-229x164x50-115-premium', 'https://www.eobaly.cz/zasilkova-krabice-a5-229x164x50-115-premium.htm', 3),
  (817, 'Zásilková krabice - 255x185x110-185 SPEEDBOX', 'zasilkova-krabice-255x185x110-185-premium', 'https://www.eobaly.cz/zasilkova-krabice-255x185x110-185-premium.htm', 3),
  (819, 'Zásilková krabice A4 302x230x70-160 SPEEDBOX', 'zasilkova-krabice-a4-302x230x70-160-premium', 'https://www.eobaly.cz/zasilkova-krabice-a4-302x230x70-160-premium.htm', 3),
  (821, 'Zásilková krabice 355x255x130-230 SPEEDBOX', 'zasilkova-krabice-355x255x130-230-premium', 'https://www.eobaly.cz/zasilkova-krabice-355x255x130-230-premium.htm', 3),
  (823, 'Zásilková krabice A3 460x309x180-300 SPEEDBOX', 'zasilkova-krabice-a3-460x309x180-300-premium', 'https://www.eobaly.cz/zasilkova-krabice-a3-460x309x180-300-premium.htm', 3),
  (825, 'Krabice na tiskoviny A5 220x150x150 3VVL', 'krabice-na-tiskoviny-a5-220x150x150-3vvl-hh22b-fefco-0471', 'https://www.eobaly.cz/krabice-na-tiskoviny-a5-220x150x150-3vvl-hh22b-fefco-0471.htm', 3),
  (827, 'Krabice na tiskoviny A5 220x150x42 3VVL', 'krabice-na-tiskoviny-a5-220x150x42-3vvl-hh22b-fefco-0471', 'https://www.eobaly.cz/krabice-na-tiskoviny-a5-220x150x42-3vvl-hh22b-fefco-0471.htm', 3),
  (829, 'Krabice na tiskoviny A4 305x215x42 3VVL', 'krabice-na-tiskoviny-a4-305x215x42-3vvl-hh22b-fefco-0471', 'https://www.eobaly.cz/krabice-na-tiskoviny-a4-305x215x42-3vvl-hh22b-fefco-0471.htm', 3),
  (831, 'Krabice na tiskoviny A3 430x310x150 3VVL', 'krabice-na-tiskoviny-a3-430x310x150-3vvl-hh22b-fefco-0471', 'https://www.eobaly.cz/krabice-na-tiskoviny-a3-430x310x150-3vvl-hh22b-fefco-0471.htm', 3),
  (833, 'Krabice na tiskoviny A3 430x310x100 3VVL', 'krabice-na-tiskoviny-a3-430x310x100-3vvl-hh22b-fefco-0471', 'https://www.eobaly.cz/krabice-na-tiskoviny-a3-430x310x100-3vvl-hh22b-fefco-0471.htm', 3),
  (835, 'Kartonová krabice 200x150x100 3VVL klopová', 'krabice-balbox-200x150x100-3vvl-klopova', 'https://www.eobaly.cz/krabice-balbox-200x150x100-3vvl-klopova.htm', 1),
  (837, 'Krabice na tiskoviny A4 305x215x150 3VVL', 'krabice-na-tiskoviny-a4-305x215x150-3vvl-hh22b-fefco-0471', 'https://www.eobaly.cz/krabice-na-tiskoviny-a4-305x215x150-3vvl-hh22b-fefco-0471.htm', 3),
  (839, 'Rychlouzavírací krabice 200x150x100 BALBOX SPEED', 'zasilkova-krabice-200x150x100-balbox-speed', 'https://www.eobaly.cz/zasilkova-krabice-200x150x100-balbox-speed.htm', 1),
  (841, 'Krabice na tiskoviny A4 305x215x100 3VVL', 'krabice-na-tiskoviny-a4-305x215x100-3vvl-hh22b-fefco-0471', 'https://www.eobaly.cz/krabice-na-tiskoviny-a4-305x215x100-3vvl-hh22b-fefco-0471.htm', 3),
  (843, 'Krabice na tiskoviny A5 220x150x100 3VVL', 'krabice-na-tiskoviny-a5-220x150x100-3vvl-hh22b-fefco-0471', 'https://www.eobaly.cz/krabice-na-tiskoviny-a5-220x150x100-3vvl-hh22b-fefco-0471.htm', 3),
  (845, 'Kartonová krabice 200x150x150 3VVL klopová', 'krabice-balbox-200x150x150-3vvl-klopova', 'https://www.eobaly.cz/krabice-balbox-200x150x150-3vvl-klopova.htm', 1),
  (847, 'Krabice na tiskoviny A3 430x310x42 3VVL', 'krabice-na-tiskoviny-a3-430x310x42-3vvl', 'https://www.eobaly.cz/krabice-na-tiskoviny-a3-430x310x42-3vvl.htm', 3),
  (849, 'Rychlouzavírací krabice 200x150x150 BALBOX SPEED', 'zasilkova-krabice-200x150x150-balbox-speed', 'https://www.eobaly.cz/zasilkova-krabice-200x150x150-balbox-speed.htm', 1),
  (851, 'Výškov? nastavitelná krabice na tiskoviny A3 435x335x235', 'krabice-na-tiskoviny-a3-435x335x235-5vvl-hh231bc-0201-5-rylu-navic-po-20-mm', 'https://www.eobaly.cz/krabice-na-tiskoviny-a3-435x335x235-5vvl-hh231bc-0201-5-rylu-navic-po-20-mm.htm', 3),
  (853, 'Kartonová krabice 200x200x100 3VVL klopová', 'krabice-balbox-200x200x100-3vvl-hh24b-klopova-fefco-0201', 'https://www.eobaly.cz/krabice-balbox-200x200x100-3vvl-hh24b-klopova-fefco-0201.htm', 1),
  (855, 'Kartonová krabice 200x200x150 3VVL klopová', 'krabice-balbox-200x200x150-3vvl-hh24b-klopova-fefco-0201', 'https://www.eobaly.cz/krabice-balbox-200x200x150-3vvl-hh24b-klopova-fefco-0201.htm', 1),
  (857, 'Krabice klopová na tiskoviny A4 310x220x100 3VVL', 'krabice-klopova-na-tiskoviny-a4-310x220x100-3vvl-hh24b-fefco-0201', 'https://www.eobaly.cz/krabice-klopova-na-tiskoviny-a4-310x220x100-3vvl-hh24b-fefco-0201.htm', 3),
  (859, 'Kartonová krabice 200x200x200 3VVL klopová', 'krabice-balbox-200x200x200-3vvl-hh24b-klopova-fefco-0201', 'https://www.eobaly.cz/krabice-balbox-200x200x200-3vvl-hh24b-klopova-fefco-0201.htm', 1),
  (861, 'Krabice klopová na tiskoviny A4 310x220x200 3VVL', 'krabice-klopova-na-tiskoviny-a4-310x220x200-3vvl-hh24b-fefco-0201', 'https://www.eobaly.cz/krabice-klopova-na-tiskoviny-a4-310x220x200-3vvl-hh24b-fefco-0201.htm', 3),
  (863, 'Rychlouzavírací krabice 300x200x100 BALBOX SPEED', 'zasilkova-krabice-300x200x100-balbox-speed', 'https://www.eobaly.cz/zasilkova-krabice-300x200x100-balbox-speed.htm', 1),
  (865, 'Krabice klopová na tiskoviny A4 310x220x300 3VVL', 'krabice-klopova-na-tiskoviny-a4-310x220x300-3vvl-hh24b-fefco-0201', 'https://www.eobaly.cz/krabice-klopova-na-tiskoviny-a4-310x220x300-3vvl-hh24b-fefco-0201.htm', 3),
  (867, 'Kartonová krabice 300x200x100 3VVL klopová', 'krabice-balbox-300x200x100-3vvl-klopova', 'https://www.eobaly.cz/krabice-balbox-300x200x100-3vvl-klopova.htm', 1),
  (869, 'Krabice klopová na tiskoviny A3 430x300x100 3VVL', 'krabice-klopova-na-tiskoviny-a3-430x300x100-3vvl-hh24b-fefco-0201', 'https://www.eobaly.cz/krabice-klopova-na-tiskoviny-a3-430x300x100-3vvl-hh24b-fefco-0201.htm', 3),
  (871, 'Rychlouzavírací krabice 300x200x150 BALBOX SPEED', 'zasilkova-krabice-300x200x150-balbox-speed', 'https://www.eobaly.cz/zasilkova-krabice-300x200x150-balbox-speed.htm', 1),
  (873, 'Krabice klopová na tiskoviny A3 430x300x200 3VVL', 'krabice-klopova-na-tiskoviny-a3-430x300x200-3vvl-hh24b-fefco-0201', 'https://www.eobaly.cz/krabice-klopova-na-tiskoviny-a3-430x300x200-3vvl-hh24b-fefco-0201.htm', 3),
  (875, 'Kartonová krabice 300x200x150 3VVL klopová', 'krabice-balbox-300x200x150-3vvl-klopova', 'https://www.eobaly.cz/krabice-balbox-300x200x150-3vvl-klopova.htm', 1),
  (877, 'Krabice klopová na tiskoviny A3 430x300x300 3VVL', 'krabice-klopova-na-tiskoviny-a3-430x300x300-3vvl-hh24b-fefco-0201', 'https://www.eobaly.cz/krabice-klopova-na-tiskoviny-a3-430x300x300-3vvl-hh24b-fefco-0201.htm', 3),
  (879, 'Kartonová krabice 300x200x200 3VVL klopová', 'kartonova-krabice-300x200x200-3vvl-klopova', 'https://www.eobaly.cz/kartonova-krabice-300x200x200-3vvl-klopova.htm', 1),
  (881, 'Krabice z mikrovlnné lepenky skládací s víkem - A4 304x215x100, 2 díly', 'krabice-skladaci-s-vikem-a4-din-304x215x100-2-dily-z-mikrovlnne-lepenky', 'https://www.eobaly.cz/krabice-skladaci-s-vikem-a4-din-304x215x100-2-dily-z-mikrovlnne-lepenky.htm', 3),
  (883, 'Kartonová krabice 400x150x100 3VVL klopová', 'krabice-balbox-400x150x100-3vvl-hh24b-klopova-fefco-0201', 'https://www.eobaly.cz/krabice-balbox-400x150x100-3vvl-hh24b-klopova-fefco-0201.htm', 1),
  (885, 'Krabice s víkem A4 302x215x55 3VVL', 'krabice-na-tiskoviny-a4-302x215x55-3vvl-fefco-0306', 'https://www.eobaly.cz/krabice-na-tiskoviny-a4-302x215x55-3vvl-fefco-0306.htm', 3),
  (887, 'Kartonová krabice 400x150x150 3VVL klopová', 'krabice-balbox-400x150x150-3vvl-hh24b-klopova-fefco-0201', 'https://www.eobaly.cz/krabice-balbox-400x150x150-3vvl-hh24b-klopova-fefco-0201.htm', 1),
  (889, 'Krabice s víkem A4 302x215x107 3VVL', 'krabice-na-tiskoviny-a4-302x215x107-3vvl-fefco-0306', 'https://www.eobaly.cz/krabice-na-tiskoviny-a4-302x215x107-3vvl-fefco-0306.htm', 3),
  (891, 'Kartonová krabice 400x200x100 3VVL klopová', 'krabice-balbox-400x200x100-3vvl-hh24b-klopova-fefco-0201', 'https://www.eobaly.cz/krabice-balbox-400x200x100-3vvl-hh24b-klopova-fefco-0201.htm', 1),
  (893, 'Výškov? nastavitelná krabice na tiskoviny A4 305x215x130-240 3VVL', 'krabice-na-tiskoviny-a4-305x215x130-240-3vvl-fefco-0216', 'https://www.eobaly.cz/krabice-na-tiskoviny-a4-305x215x130-240-3vvl-fefco-0216.htm', 3),
  (895, 'Kartonová krabice 400x200x150 3VVL klopová', 'krabice-balbox-400x200x150-3vvl-hh24b-klopova-fefco-0201', 'https://www.eobaly.cz/krabice-balbox-400x200x150-3vvl-hh24b-klopova-fefco-0201.htm', 1),
  (897, 'Výškov? nastavitelná krabice na tiskoviny A5 215x155x120-200', 'krabice-na-tiskoviny-a5-215x155x120-200-3vvl-hh131b-0201-4-ryly-navic-po-20mm', 'https://www.eobaly.cz/krabice-na-tiskoviny-a5-215x155x120-200-3vvl-hh131b-0201-4-ryly-navic-po-20mm.htm', 3),
  (899, 'Kartonová krabice 400x200x200 3VVL klopová', 'krabice-balbox-400x200x200-3vvl-klopova', 'https://www.eobaly.cz/krabice-balbox-400x200x200-3vvl-klopova.htm', 1),
  (901, 'Krabice s víkem A4 307x222x170 3VVL', 'krabice-na-tiskoviny-a4-307x222x170-3vvl-fefco-0306', 'https://www.eobaly.cz/krabice-na-tiskoviny-a4-307x222x170-3vvl-fefco-0306.htm', 3),
  (903, 'Kartonová krabice 400x300x100 3VVL klopová', 'krabice-balbox-400x300x100-3vvl-hh24b-klopova-fefco-0201', 'https://www.eobaly.cz/krabice-balbox-400x300x100-3vvl-hh24b-klopova-fefco-0201.htm', 1),
  (905, 'Krabice s víkem A3 425x302x50 3VVL', 'krabice-na-tiskoviny-a3-425x302x50-3vvl-fefco-0306', 'https://www.eobaly.cz/krabice-na-tiskoviny-a3-425x302x50-3vvl-fefco-0306.htm', 3),
  (907, 'Kartonová krabice 400x300x150 3VVL klopová', 'krabice-balbox-400x300x150-3vvl-klopova', 'https://www.eobaly.cz/krabice-balbox-400x300x150-3vvl-klopova.htm', 1),
  (909, 'Výškov? nastavitelná krabice na tiskoviny 394x294x140-240', 'krabice-na-tiskoviny-394x294x140-240-3vvl-hh131b-0201-5-rylu-navic-po-20mm', 'https://www.eobaly.cz/krabice-na-tiskoviny-394x294x140-240-3vvl-hh131b-0201-5-rylu-navic-po-20mm.htm', 3),
  (911, 'Kartonová krabice 400x300x200 3VVL klopová', 'krabice-balbox-400x300x200-3vvl-klopova', 'https://www.eobaly.cz/krabice-balbox-400x300x200-3vvl-klopova.htm', 1),
  (913, 'Výškov? nastavitelná krabice na tiskoviny 350x250x200-300', 'krabice-na-tiskoviny-350x250x200-300-3vvl-hh131b-0201-5-rylu-navic-po-20mm', 'https://www.eobaly.cz/krabice-na-tiskoviny-350x250x200-300-3vvl-hh131b-0201-5-rylu-navic-po-20mm.htm', 3),
  (915, 'Rychlouzavírací krabice 400x300x200 BALBOX SPEED', 'zasilkova-krabice-400x300x200-balbox-speed', 'https://www.eobaly.cz/zasilkova-krabice-400x300x200-balbox-speed.htm', 1),
  (917, 'Minikrabice / krabi?ka 93x93x30 3VVL', 'minikrabice-krabicka-93x93x30-3vvl', 'https://www.eobaly.cz/minikrabice-krabicka-93x93x30-3vvl.htm', 3),
  (919, 'Kartonová krabice 400x300x300 3VVL klopová', 'krabice-balbox-400x300x300-3vvl-hh24b-klopova-fefco-0201', 'https://www.eobaly.cz/krabice-balbox-400x300x300-3vvl-hh24b-klopova-fefco-0201.htm', 1),
  (921, 'Minikrabice / krabi?ka 122x122x40 3VVL', 'minikrabice-krabicka-122x122x40-3vvl', 'https://www.eobaly.cz/minikrabice-krabicka-122x122x40-3vvl.htm', 3),
  (923, 'Kartonová krabice 400x400x100 3VVL klopová', 'krabice-balbox-400x400x100-3vvl-hh24b-klopova-fefco-0201', 'https://www.eobaly.cz/krabice-balbox-400x400x100-3vvl-hh24b-klopova-fefco-0201.htm', 1),
  (925, 'Minikrabice / krabi?ka 172x132x40 3VVL', 'minikrabice-krabicka-172x132x40-3vvl', 'https://www.eobaly.cz/minikrabice-krabicka-172x132x40-3vvl.htm', 3),
  (927, 'Minikrabice / krabi?ka 74x52x34 3VVL', 'minikrabice-3vvl-0471-74x52x34-tvarovy-vysek', 'https://www.eobaly.cz/minikrabice-3vvl-0471-74x52x34-tvarovy-vysek.htm', 3),
  (929, 'Kartonová krabice 400x400x150 3VVL klopová', 'krabice-balbox-400x400x150-3vvl-hh24b-klopova-fefco-0201', 'https://www.eobaly.cz/krabice-balbox-400x400x150-3vvl-hh24b-klopova-fefco-0201.htm', 1),
  (931, 'Minikrabice / krabi?ka 105x74x52 3VVL', 'minikrabice-3vvl-0471-105x74x52-tvarovy-vysek', 'https://www.eobaly.cz/minikrabice-3vvl-0471-105x74x52-tvarovy-vysek.htm', 3),
  (933, 'Kartonová krabice 400x400x200 3VVL klopová', 'krabice-balbox-400x400x200-3vvl-hh24b-klopova-fefco-0201', 'https://www.eobaly.cz/krabice-balbox-400x400x200-3vvl-hh24b-klopova-fefco-0201.htm', 1),
  (935, 'Minikrabice / krabi?ka 148x105x74 3VVL', 'minikrabice-3vvl-0471-148x105x74-tvarovy-vysek', 'https://www.eobaly.cz/minikrabice-3vvl-0471-148x105x74-tvarovy-vysek.htm', 3),
  (937, 'Kartonová krabice 400x400x300 3VVL klopová', 'krabice-balbox-400x400x300-3vvl-hh24b-klopova-fefco-0201', 'https://www.eobaly.cz/krabice-balbox-400x400x300-3vvl-hh24b-klopova-fefco-0201.htm', 1),
  (939, 'Minikrabice / krabi?ka 165x115x70 3VVL', 'minikrabice-krabicka-165x115x70-3vvl', 'https://www.eobaly.cz/minikrabice-krabicka-165x115x70-3vvl.htm', 3),
  (941, 'Kartonová krabice 400x400x400 3VVL klopová', 'krabice-balbox-400x400x400-3vvl-hh24b-klopova-fefco-0201', 'https://www.eobaly.cz/krabice-balbox-400x400x400-3vvl-hh24b-klopova-fefco-0201.htm', 1),
  (943, 'Minikrabice / krabi?ka 100x100x40 3VVL', 'minikrabice-krabicka-100x100x40-3vvl', 'https://www.eobaly.cz/minikrabice-krabicka-100x100x40-3vvl.htm', 3),
  (945, 'Kartonová krabice 600x200x150 3VVL klopová', 'krabice-balbox-600x200x150-3vvl-hh24b-klopova-fefco-0201', 'https://www.eobaly.cz/krabice-balbox-600x200x150-3vvl-hh24b-klopova-fefco-0201.htm', 1),
  (947, 'Minikrabice / krabi?ka 137x90x34 3VVL', 'minikrabice-3vvl-0000-137x90x34-tvarovy-vysek', 'https://www.eobaly.cz/minikrabice-3vvl-0000-137x90x34-tvarovy-vysek.htm', 3),
  (949, 'Kartonová krabice 600x400x100 3VVL klopová', 'krabice-balbox-600x400x100-3vvl-hh24b-klopova-fefco-0201', 'https://www.eobaly.cz/krabice-balbox-600x400x100-3vvl-hh24b-klopova-fefco-0201.htm', 1),
  (951, 'Obal pro média - A3 423x307xmax.70', 'obal-pro-media-a3-423x307xmax70-hh22b', 'https://www.eobaly.cz/obal-pro-media-a3-423x307xmax70-hh22b.htm', 3),
  (953, 'Kartonová krabice 600x400x150 3VVL klopová', 'krabice-balbox-600x400x150-3vvl-hh24b-klopova-fefco-0201', 'https://www.eobaly.cz/krabice-balbox-600x400x150-3vvl-hh24b-klopova-fefco-0201.htm', 1),
  (955, 'Obal pro média - A4+ 300x220x max.70', 'obal-pro-media-a4-300x220x-max70-hh22b', 'https://www.eobaly.cz/obal-pro-media-a4-300x220x-max70-hh22b.htm', 3),
  (957, 'Kartonová krabice 600x400x200 3VVL klopová', 'krabice-balbox-600x400x200-3vvl-hh24b-klopova-fefco-0201', 'https://www.eobaly.cz/krabice-balbox-600x400x200-3vvl-hh24b-klopova-fefco-0201.htm', 1),
  (959, 'Obal pro média - KNIHY 240x205xmax. 70', 'obal-pro-media-knihy-240x205xmax-70-hh22b', 'https://www.eobaly.cz/obal-pro-media-knihy-240x205xmax-70-hh22b.htm', 3),
  (961, 'Kartonová krabice 600x400x300 3VVL klopová', 'krabice-balbox-600x400x300-3vvl-hh24b-klopova-fefco-0201', 'https://www.eobaly.cz/krabice-balbox-600x400x300-3vvl-hh24b-klopova-fefco-0201.htm', 1),
  (963, 'Obal pro média - DVD / VIDEO, 205x140x max.60', 'obal-pro-media-dvd-video-205x140x-max60-hh22b', 'https://www.eobaly.cz/obal-pro-media-dvd-video-205x140x-max60-hh22b.htm', 3),
  (965, 'Kartonová krabice 600x400x400 3VVL klopová', 'krabice-balbox-600x400x400-3vvl-klopova', 'https://www.eobaly.cz/krabice-balbox-600x400x400-3vvl-klopova.htm', 1),
  (967, 'Univerzální zásilkový obal - DVD, Bluray 147x129x-55 z vlnité lepenky', 'univerzalni-zasilkovy-obal-cds-din-147x129x-55-z-vlnite-lepenky', 'https://www.eobaly.cz/univerzalni-zasilkovy-obal-cds-din-147x129x-55-z-vlnite-lepenky.htm', 3),
  (969, 'Kartonová krabice 500x300x200 3VVL klopová', 'krabice-balbox-500x300x200-3vvl-hh24b-klopova-fefco-0201', 'https://www.eobaly.cz/krabice-balbox-500x300x200-3vvl-hh24b-klopova-fefco-0201.htm', 1),
  (971, 'Univerzální zásilkový obal - A4 300x220x-80 z vlnité lepenky', 'univerzalni-zasilkovy-obal-a4-din-300x220x-80-z-vlnite-lepenky', 'https://www.eobaly.cz/univerzalni-zasilkovy-obal-a4-din-300x220x-80-z-vlnite-lepenky.htm', 3),
  (973, 'Kartonová krabice 500x300x300 3VVL klopová', 'krabice-balbox-500x300x300-3vvl-hh24b-klopova-fefco-0201', 'https://www.eobaly.cz/krabice-balbox-500x300x300-3vvl-hh24b-klopova-fefco-0201.htm', 1),
  (975, 'Univerzální zásilkový obal - A4 300x220x-80 z vlnité lepenky Economy', 'univerzalni-zasilkovy-obal-a4-300x220x-80-z-vlnite-lepenky-economy', 'https://www.eobaly.cz/univerzalni-zasilkovy-obal-a4-300x220x-80-z-vlnite-lepenky-economy.htm', 3),
  (977, 'Kartonová krabice 500x400x200 3VVL klopová', 'krabice-balbox-500x400x200-3vvl-hh24b-klopova-fefco-0201', 'https://www.eobaly.cz/krabice-balbox-500x400x200-3vvl-hh24b-klopova-fefco-0201.htm', 1),
  (979, 'Univerzální zásilkový obal - A4 305x230x-92 z vlnité lepenky', 'univerzalni-zasilkovy-obal-a4-din-305x230x-92-z-vlnite-lepenky', 'https://www.eobaly.cz/univerzalni-zasilkovy-obal-a4-din-305x230x-92-z-vlnite-lepenky.htm', 3),
  (981, 'Kartonová krabice 500x400x300 3VVL klopová', 'krabice-balbox-500x400x300-3vvl-hh24b-klopova-fefco-0201', 'https://www.eobaly.cz/krabice-balbox-500x400x300-3vvl-hh24b-klopova-fefco-0201.htm', 1),
  (983, 'Univerzální zásilkový obal - A5+ 249x165x-60 z vlnité lepenky Economy', 'univerzalni-zasilkovy-obal-a5-249x165x-60-z-vlnite-lepenky-economy', 'https://www.eobaly.cz/univerzalni-zasilkovy-obal-a5-249x165x-60-z-vlnite-lepenky-economy.htm', 3),
  (985, 'Kartonová krabice 500x400x400 3VVL klopová', 'krabice-balbox-500x400x400-3vvl-hh24b-klopova-fefco-0201', 'https://www.eobaly.cz/krabice-balbox-500x400x400-3vvl-hh24b-klopova-fefco-0201.htm', 1),
  (987, 'Univerzální zásilkový obal -A5 DIN 217x155x-60 z vlnité lepenky Economy', 'univerzalni-zasilkovy-obal-a5-din-217x155x-60-z-vlnite-lepenky-economy', 'https://www.eobaly.cz/univerzalni-zasilkovy-obal-a5-din-217x155x-60-z-vlnite-lepenky-economy.htm', 3),
  (989, 'Kartonová krabice 600x500x300 3VVL klopová', 'krabice-balbox-600x500x300-3vvl-hh24b-klopova-fefco-0201', 'https://www.eobaly.cz/krabice-balbox-600x500x300-3vvl-hh24b-klopova-fefco-0201.htm', 1),
  (991, 'Univerzální zásilkový obal - A5+ 249x165x-60 z vlnité lepenky', 'univerzalni-zasilkovy-obal-a5-din-249x165x-60-z-vlnite-lepenky', 'https://www.eobaly.cz/univerzalni-zasilkovy-obal-a5-din-249x165x-60-z-vlnite-lepenky.htm', 3),
  (993, 'Klopová krabice 156x106x112 3VVL', 'klopova-krabice-156x106x112-3vvl', 'https://www.eobaly.cz/klopova-krabice-156x106x112-3vvl.htm', 1),
  (995, 'Univerzální zásilkový obal - C4 328x255x-80 z vlnité lepenky Economy', 'univerzalni-zasilkovy-obal-c4-328x255x-80-z-vlnite-lepenky-economy', 'https://www.eobaly.cz/univerzalni-zasilkovy-obal-c4-328x255x-80-z-vlnite-lepenky-economy.htm', 3),
  (997, 'Univerzální zásilkový obal - C4+ 335x275x-80 z vlnité lepenky Economy', 'univerzalni-zasilkovy-obal-c4-335x275x-80-z-vlnite-lepenky-economy', 'https://www.eobaly.cz/univerzalni-zasilkovy-obal-c4-335x275x-80-z-vlnite-lepenky-economy.htm', 3),
  (999, 'Krabice klopová 165x135x65 3VVL', 'krabice-klopova-165x135x65-3vvl-64e01h-fefco-0201', 'https://www.eobaly.cz/krabice-klopova-165x135x65-3vvl-64e01h-fefco-0201.htm', 1),
  (1001, 'Univerzální zásilkový obal - C4 328x255x-80 z vlnité lepenky', 'univerzalni-zasilkovy-obal-c4-din-328x255x-80-z-vlnite-lepenky', 'https://www.eobaly.cz/univerzalni-zasilkovy-obal-c4-din-328x255x-80-z-vlnite-lepenky.htm', 3),
  (1003, 'Klopová krabice 221x116x62 3VVL', 'klopova-krabice-221x116x62-3vvl', 'https://www.eobaly.cz/klopova-krabice-221x116x62-3vvl.htm', 1),
  (1005, 'Univerzální zásilkový obal - C4 350x260x-70 z vlnité lepenky', 'univerzalni-zasilkovy-obal-c4-din-350x260x-70-z-vlnite-lepenky', 'https://www.eobaly.cz/univerzalni-zasilkovy-obal-c4-din-350x260x-70-z-vlnite-lepenky.htm', 3),
  (1007, 'Krabice klopová 235x235x160 3VVL', 'krabice-klopova-235x235x160-3vvl-hh24b-fefco-0201', 'https://www.eobaly.cz/krabice-klopova-235x235x160-3vvl-hh24b-fefco-0201.htm', 1),
  (1009, 'Univerzální zásilkový obal - B5 250x190x-85 z vlnité lepenky', 'univerzalni-zasilkovy-obal-b5-din-250x190x-85-z-vlnite-lepenky', 'https://www.eobaly.cz/univerzalni-zasilkovy-obal-b5-din-250x190x-85-z-vlnite-lepenky.htm', 3),
  (1011, 'Krabice klopová 255x205x190 3VVL', 'krabice-klopova-255x205x190-3vvl-hh24b-fefco-0201', 'https://www.eobaly.cz/krabice-klopova-255x205x190-3vvl-hh24b-fefco-0201.htm', 1),
  (1013, 'Univerzální zásilkový obal - B5 274x191x-80 z vlnité lepenky Economy', 'univerzalni-zasilkovy-obal-b5-274x191x-80-z-vlnite-lepenky-economy', 'https://www.eobaly.cz/univerzalni-zasilkovy-obal-b5-274x191x-80-z-vlnite-lepenky-economy.htm', 3),
  (1015, 'Krabice klopová 300x240x200 3VVL', 'krabice-klopova-300x240x200-3vvl-hh24b-fefco-0201', 'https://www.eobaly.cz/krabice-klopova-300x240x200-3vvl-hh24b-fefco-0201.htm', 1),
  (1017, 'Univerzální zásilkový obal - B4 378x295x-80 z vlnité lepenky Economy', 'univerzalni-zasilkovy-obal-b4-378x295x-80-z-vlnite-lepenky-economy', 'https://www.eobaly.cz/univerzalni-zasilkovy-obal-b4-378x295x-80-z-vlnite-lepenky-economy.htm', 3),
  (1019, 'Krabice klopová 300x300x200 3VVL', 'krabice-klopova-300x300x200-3vvl-hh24b-fefco-0201', 'https://www.eobaly.cz/krabice-klopova-300x300x200-3vvl-hh24b-fefco-0201.htm', 1),
  (1021, 'Univerzální zásilkový obal - A3 430x310x-90 z vlnité lepenky', 'univerzalni-zasilkovy-obal-a3-din-430x310x-90-z-vlnite-lepenky', 'https://www.eobaly.cz/univerzalni-zasilkovy-obal-a3-din-430x310x-90-z-vlnite-lepenky.htm', 3),
  (1023, 'Krabice klopová 306x306x312 3VVL', 'krabice-klopova-306x306x312-3vvl', 'https://www.eobaly.cz/krabice-klopova-306x306x312-3vvl.htm', 1),
  (1025, 'Univerzální zásilkový obal - A3 455x325x-80 z vlnité lepenky Economy', 'univerzalni-zasilkovy-obal-a3-455x325x-80-z-vlnite-lepenky-economy', 'https://www.eobaly.cz/univerzalni-zasilkovy-obal-a3-455x325x-80-z-vlnite-lepenky-economy.htm', 3),
  (1027, 'Krabice klopová 310x230x150 3VVL', 'krabice-klopova-310x230x150-3vvl-hh24b-fefco-0201', 'https://www.eobaly.cz/krabice-klopova-310x230x150-3vvl-hh24b-fefco-0201.htm', 1),
  (1029, 'Krabice klopová 340x260x190 3VVL', 'krabice-klopova-340x260x190-3vvl-hh24b-fefco-0201', 'https://www.eobaly.cz/krabice-klopova-340x260x190-3vvl-hh24b-fefco-0201.htm', 1),
  (1031, 'Univerzální zásilkový obal na po?ada?e - 320x290x-80 z vlnité lepenky', 'univerzalni-zasilkovy-obal-na-poradace-320x290x-80-z-vlnite-lepenky', 'https://www.eobaly.cz/univerzalni-zasilkovy-obal-na-poradace-320x290x-80-z-vlnite-lepenky.htm', 3),
  (1033, 'Krabice klopová 360x270x340 3VVL', 'krabice-klopova-360x270x340-3vvl-hh24b-fefco-0201', 'https://www.eobaly.cz/krabice-klopova-360x270x340-3vvl-hh24b-fefco-0201.htm', 1),
  (1035, 'Zásilkový tubus A3 z vlnité lepenky - 105x105x315', 'zasilkovy-tubus-a3-z-vlnite-lepenky-315x105x105', 'https://www.eobaly.cz/zasilkovy-tubus-a3-z-vlnite-lepenky-315x105x105.htm', 3),
  (1037, 'Zásilkový tubus A2 z vlnité lepenky - 105x105x435', 'zasilkovy-tubus-a2-z-vlnite-lepenky-435x105x105', 'https://www.eobaly.cz/zasilkovy-tubus-a2-z-vlnite-lepenky-435x105x105.htm', 3),
  (1039, 'Krabice klopová 360x290x240 3VVL', 'krabice-klopova-360x290x240-3vvl-hh24b-fefco-0201', 'https://www.eobaly.cz/krabice-klopova-360x290x240-3vvl-hh24b-fefco-0201.htm', 1),
  (1041, 'Zásilkový tubus B0 z vlnité lepenky - 105x105x1005', 'zasilkovy-tubus-b0-z-vlnite-lepenky-1005x105x105', 'https://www.eobaly.cz/zasilkovy-tubus-b0-z-vlnite-lepenky-1005x105x105.htm', 3),
  (1043, 'Krabice klopová 390x220x240 3VVL', 'krabice-klopova-390x220x240-3vvl', 'https://www.eobaly.cz/krabice-klopova-390x220x240-3vvl.htm', 1),
  (1045, 'Zásilkový tubus B0+ z vlnité lepenky - 105x105x1170', 'zasilkovy-tubus-b0-z-vlnite-lepenky-1170x105x105', 'https://www.eobaly.cz/zasilkovy-tubus-b0-z-vlnite-lepenky-1170x105x105.htm', 3),
  (1047, 'Krabice klopová 410x320x250 3VVL', 'krabice-klopova-410x320x250-3vvl-hh24b-fefco-0201', 'https://www.eobaly.cz/krabice-klopova-410x320x250-3vvl-hh24b-fefco-0201.htm', 1),
  (1049, 'Kartonový tubus 160x160x1200 3VVL', 'krabice-tubus-160x160x1200-3vvl-hh24b-2411b-fefco-0201', 'https://www.eobaly.cz/krabice-tubus-160x160x1200-3vvl-hh24b-2411b-fefco-0201.htm', 3),
  (1051, 'Krabice bílo-hn?dá klopová 430x310x105 3VVL bílo-hn?dá', 'krabice-bila-klopova-430x310x105-3vvl-bilo-hneda', 'https://www.eobaly.cz/krabice-bila-klopova-430x310x105-3vvl-bilo-hneda.htm', 1),
  (1053, 'Kartonový tubus 150x150x600 3VVL', 'krabice-tubus-150x150x600-3vvl-hh24b-2411b-fefco-0201', 'https://www.eobaly.cz/krabice-tubus-150x150x600-3vvl-hh24b-2411b-fefco-0201.htm', 3),
  (1055, 'Krabice klopová 440x380x310 3VVL', 'krabice-klopova-440x380x310-3vvl-hh24b-fefco-0201', 'https://www.eobaly.cz/krabice-klopova-440x380x310-3vvl-hh24b-fefco-0201.htm', 1),
  (1057, 'Kartonový tubus 150x150x800 3VVL', 'krabice-tubus-150x150x800-3vvl-hh24b-2411b-fefco-0201', 'https://www.eobaly.cz/krabice-tubus-150x150x800-3vvl-hh24b-2411b-fefco-0201.htm', 3),
  (1059, 'Krabice klopová 560x440x280 3VVL', 'krabice-klopova-560x440x280-3vvl-hh24b-fefco-0201', 'https://www.eobaly.cz/krabice-klopova-560x440x280-3vvl-hh24b-fefco-0201.htm', 1),
  (1061, 'Kartonový tubus 100x100x500 3VVL', 'krabice-tubus-100x100x500-3vvl-hh24b-fefco-0426', 'https://www.eobaly.cz/krabice-tubus-100x100x500-3vvl-hh24b-fefco-0426.htm', 3),
  (1063, 'Krabice klopová 590x390x250 3VVL', 'krabice-klopova-590x390x250-3vvl-hh24b-fefco-0201', 'https://www.eobaly.cz/krabice-klopova-590x390x250-3vvl-hh24b-fefco-0201.htm', 1),
  (1065, 'Papírový tubus 80x2x1000', 'dutinka-papirova-tubus-1000x80x2', 'https://www.eobaly.cz/dutinka-papirova-tubus-1000x80x2.htm', 3),
  (1067, 'Kartonová krabice 300x200x100 5VVL klopová', 'krabice-balbox-300x200x100-5vvl-hh33bc-klopova-fefco-0201', 'https://www.eobaly.cz/krabice-balbox-300x200x100-5vvl-hh33bc-klopova-fefco-0201.htm', 1),
  (1069, 'Kartonový tubus 100x100x1000 3VVL', 'krabice-tubus-1000x100x100-3vvl-hh24b-fefco-0426', 'https://www.eobaly.cz/krabice-tubus-1000x100x100-3vvl-hh24b-fefco-0426.htm', 3),
  (1071, 'Kartonová krabice 300x200x150 5VVL klopová', 'kartonova-krabice-300x200x150-5vvl-klopova', 'https://www.eobaly.cz/kartonova-krabice-300x200x150-5vvl-klopova.htm', 1),
  (1073, 'Papírový tubus 80x2x700', 'dutinka-papirova-tubus-700x80x2', 'https://www.eobaly.cz/dutinka-papirova-tubus-700x80x2.htm', 3),
  (1075, 'Kartonová krabice 300x200x200 5VVL klopová', 'kartonova-krabice-300x200x200-5vvl-klopova', 'https://www.eobaly.cz/kartonova-krabice-300x200x200-5vvl-klopova.htm', 1),
  (1077, 'Papírový tubus 80x2x500', 'dutinka-papirova-tubus-500x80x2', 'https://www.eobaly.cz/dutinka-papirova-tubus-500x80x2.htm', 3),
  (1079, 'Kartonová krabice 400x300x100 5VVL klopová', 'krabice-balbox-400x300x100-5vvl-hh33bc-klopova-fefco-0201', 'https://www.eobaly.cz/krabice-balbox-400x300x100-5vvl-hh33bc-klopova-fefco-0201.htm', 1),
  (1081, 'Kartonový tubus 100x100x800 3VVL', 'krabice-tubus-100x100x800-3vvl', 'https://www.eobaly.cz/krabice-tubus-100x100x800-3vvl.htm', 3),
  (1083, 'Kartonová krabice 400x300x150 5VVL klopová', 'krabice-balbox-400x300x150-5vvl-hh33bc-klopova-fefco-0201', 'https://www.eobaly.cz/krabice-balbox-400x300x150-5vvl-hh33bc-klopova-fefco-0201.htm', 1),
  (1085, 'Kartonový tubus 110x110x1200 3VVL', 'krabice-tubus-110x110x1200-3vvl', 'https://www.eobaly.cz/krabice-tubus-110x110x1200-3vvl.htm', 3),
  (1087, 'Kartonová krabice 400x300x200 5VVL klopová', 'krabice-balbox-400x300x200-5vvl-klopova', 'https://www.eobaly.cz/krabice-balbox-400x300x200-5vvl-klopova.htm', 1),
  (1089, 'Kartonový tubus 200x200x800 5VVL', 'krabice-tubus-200x200x800-5vvl-hh33bc-fefco-0201', 'https://www.eobaly.cz/krabice-tubus-200x200x800-5vvl-hh33bc-fefco-0201.htm', 3),
  (1091, 'Kartonový tubus 200x200x1200 5VVL', 'krabice-tubus-200x200x1200-5vvl-hh33bc-fefco-0201', 'https://www.eobaly.cz/krabice-tubus-200x200x1200-5vvl-hh33bc-fefco-0201.htm', 3),
  (1093, 'Kartonová krabice 400x300x300 5VVL klopová', 'krabice-balbox-400x300x300-5vvl-klopova', 'https://www.eobaly.cz/krabice-balbox-400x300x300-5vvl-klopova.htm', 1),
  (1095, 'Kartonová krabice 400x400x100 5VVL klopová', 'krabice-balbox-400x400x100-5vvl-hh33bc-klopova-fefco-0201', 'https://www.eobaly.cz/krabice-balbox-400x400x100-5vvl-hh33bc-klopova-fefco-0201.htm', 1),
  (1097, 'Kartonový tubus 212x212x1000 5VVL', 'krabice-tubus-212x212x1000-5vvl', 'https://www.eobaly.cz/krabice-tubus-212x212x1000-5vvl.htm', 3),
  (1099, 'Kartonová krabice 400x400x150 5VVL klopová', 'krabice-balbox-400x400x150-5vvl-hh33bc-klopova-fefco-0201', 'https://www.eobaly.cz/krabice-balbox-400x400x150-5vvl-hh33bc-klopova-fefco-0201.htm', 1),
  (1101, 'Stretch fólie ru?ní 500mm / 23µm / 285m - TigerStretch', 'stretch-sire-500mm-23my-285m-prutazna-rucni-folie-tigerstretch', 'https://www.eobaly.cz/stretch-sire-500mm-23my-285m-prutazna-rucni-folie-tigerstretch.htm', 8),
  (1103, 'Zásilkový tubus A2 z vlnité lepenky - 105-55x75x435', 'zasilkovy-tubus-a2-din-435x10555x75-z-vlnite-lepenky', 'https://www.eobaly.cz/zasilkovy-tubus-a2-din-435x10555x75-z-vlnite-lepenky.htm', 3),
  (1105, 'Stretch fólie ru?ní 500mm / 20µm / 285m pr?tažná - TigerStretch', 'stretch-sire-500mm-20my-285m-prutazna-rucni-folie-tigerstretch', 'https://www.eobaly.cz/stretch-sire-500mm-20my-285m-prutazna-rucni-folie-tigerstretch.htm', 8),
  (1107, 'Kartonová krabice 400x400x200 5VVL klopová', 'krabice-balbox-400x400x200-5vvl-hh33bc-klopova-fefco-0201', 'https://www.eobaly.cz/krabice-balbox-400x400x200-5vvl-hh33bc-klopova-fefco-0201.htm', 1),
  (1109, 'Zásilkový tubus A1 z vlnité lepenky - 55-105x75x610', 'zasilkovy-tubus-a1-din-610x10555x75-z-vlnite-lepenky', 'https://www.eobaly.cz/zasilkovy-tubus-a1-din-610x10555x75-z-vlnite-lepenky.htm', 3),
  (1111, 'Stretch fólie ru?ní 500mm / 23µm / 162m pr?tažná', 'stretch-sire-500mm-23my-prutazna-rucni-folie', 'https://www.eobaly.cz/stretch-sire-500mm-23my-prutazna-rucni-folie.htm', 8),
  (1113, 'Kartonová krabice 400x400x300 5VVL klopová', 'krabice-balbox-400x400x300-5vvl-hh33bc-klopova-fefco-0201', 'https://www.eobaly.cz/krabice-balbox-400x400x300-5vvl-hh33bc-klopova-fefco-0201.htm', 1),
  (1115, 'Zásilkový tubus A0 z vlnité lepenky - 55-105x75x860', 'zasilkovy-tubus-a0-din-860x10555x75-z-vlnite-lepenky', 'https://www.eobaly.cz/zasilkovy-tubus-a0-din-860x10555x75-z-vlnite-lepenky.htm', 3),
  (1117, 'Stretch fólie ru?ní 100mm / 23µm / 150m pr?tažná', 'stretch-sire-100mm-23my-150m-prutazna-rucni-folie', 'https://www.eobaly.cz/stretch-sire-100mm-23my-150m-prutazna-rucni-folie.htm', 8),
  (1119, 'Zásilkový tubus A1+ z vlnité lepenky - 55-105x75x705', 'zasilkovy-tubus-a1-z-vlnite-lepenky-705x10555x75', 'https://www.eobaly.cz/zasilkovy-tubus-a1-z-vlnite-lepenky-705x10555x75.htm', 3),
  (1121, 'Kartonová krabice 400x400x400 5VVL klopová', 'krabice-balbox-400x400x400-5vvl-hh33bc-klopova-fefco-0201', 'https://www.eobaly.cz/krabice-balbox-400x400x400-5vvl-hh33bc-klopova-fefco-0201.htm', 1),
  (1123, 'Stretch fólie ru?ní 500mm/ 20µm /182m pr?tažná', 'folie-stretch-prutazna-rucni-s50020my', 'https://www.eobaly.cz/folie-stretch-prutazna-rucni-s50020my.htm', 8),
  (1125, 'Zásilkový tubus - A0+ 55-105x75x1005 z vlnité lepenky', 'zasilkovy-tubus-a0-1005x10555x75-z-vlnite-lepenky', 'https://www.eobaly.cz/zasilkovy-tubus-a0-1005x10555x75-z-vlnite-lepenky.htm', 3),
  (1127, 'Stretch fólie ru?ní 500mm / 17µm / 285m pr?tažná -TigerStretch', 'stretch-sire-500mm-17my-285m-prutazna-rucni-folie-tigerstretch', 'https://www.eobaly.cz/stretch-sire-500mm-17my-285m-prutazna-rucni-folie-tigerstretch.htm', 8),
  (1129, 'Kartonová krabice 600x200x200 5VVL klopová', 'krabice-balbox-600x200x200-5vvl-hh33bc-klopova-fefco-0201', 'https://www.eobaly.cz/krabice-balbox-600x200x200-5vvl-hh33bc-klopova-fefco-0201.htm', 1),
  (1131, 'Krabice tubus 100x100x800 3VVL', 'krabice-tubus-100x100x800-3vvl-2', 'https://www.eobaly.cz/krabice-tubus-100x100x800-3vvl-2.htm', 3),
  (1133, 'Stretch fólie ru?ní 500mm / 9µm / 600m - XT3', 'stretch-sire-500mm-17myprutazna-rucni-folie', 'https://www.eobaly.cz/stretch-sire-500mm-17myprutazna-rucni-folie.htm', 8),
  (1135, 'Kartonová krabice 600x400x150 5VVL klopová', 'krabice-balbox-600x400x150-5vvl-hh33bc-klopova-fefco-0201', 'https://www.eobaly.cz/krabice-balbox-600x400x150-5vvl-hh33bc-klopova-fefco-0201.htm', 1),
  (1137, 'Zásilkový obal s fóliovou fixací do 5,5\" FLEXIBAL', 'zasilkovy-obal-s-foliovou-fixaci-do-55-flexibal', 'https://www.eobaly.cz/zasilkovy-obal-s-foliovou-fixaci-do-55-flexibal.htm', 3),
  (1139, 'Stretch fólie strojní 500mm/9µm/3 671m pr?tažná - XT3', 'stretch-sire-500-mm9-um-prutazna-strojni-folie-xt3-navin-3-671m', 'https://www.eobaly.cz/stretch-sire-500-mm9-um-prutazna-strojni-folie-xt3-navin-3-671m.htm', 8),
  (1141, 'Kartonová krabice 600x400x200 5VVL klopová', 'krabice-balbox-600x400x200-5vvl-hh33bc-klopova-fefco-0201', 'https://www.eobaly.cz/krabice-balbox-600x400x200-5vvl-hh33bc-klopova-fefco-0201.htm', 1),
  (1143, 'Zásilkový obal s fóliovou fixací do 10,1\" FLEXIBAL', 'komplet-krabice-klopova-3vvl-220x150x42-vlozka-s-fixacni-folii-303x213x43', 'https://www.eobaly.cz/komplet-krabice-klopova-3vvl-220x150x42-vlozka-s-fixacni-folii-303x213x43.htm', 3),
  (1145, 'Stretch fólie ru?ní 100mm / 9µm / 300m pr?tažná - XT3', 'folie-stretch-xt3-prutazna-rucni-s100mm-9my-300m', 'https://www.eobaly.cz/folie-stretch-xt3-prutazna-rucni-s100mm-9my-300m.htm', 8),
  (1147, 'Kartonová krabice 600x400x300 5VVL klopová', 'krabice-balbox-600x400x300-5vvl-klopova', 'https://www.eobaly.cz/krabice-balbox-600x400x300-5vvl-klopova.htm', 1),
  (1149, 'Stretch fólie ?erná ru?ní 500mm / 20µm / 285m pr?tažná - TigerStretch', 'stretch-sire-500mm-20my-285m-cerna-prutazna-rucni-folie-tigerstretch', 'https://www.eobaly.cz/stretch-sire-500mm-20my-285m-cerna-prutazna-rucni-folie-tigerstretch.htm', 8),
  (1151, 'Kartonová krabice 600x400x400 5VVL klopová', 'krabice-balbox-600x400x400-5vvl-klopova', 'https://www.eobaly.cz/krabice-balbox-600x400x400-5vvl-klopova.htm', 1),
  (1153, 'Stretch fólie ?erná ru?ní 500mm / 23µm / 162m pr?tažná', 'stretch-sire-500mm-23my-prutazna-rucni-folie-cerna', 'https://www.eobaly.cz/stretch-sire-500mm-23my-prutazna-rucni-folie-cerna.htm', 8),
  (1155, 'Kartonová krabice 800x400x300 5VVL klopová', 'krabice-balbox-800x400x300-5vvl-hh33bc-klopova-fefco-0201', 'https://www.eobaly.cz/krabice-balbox-800x400x300-5vvl-hh33bc-klopova-fefco-0201.htm', 1),
  (1157, 'Stretch fólie ?erná ru?ní 100mm / 23µm / 150m pr?tažná', 'stretch-sire-100mm-23my-150m-prutazna-rucni-folie-cerna', 'https://www.eobaly.cz/stretch-sire-100mm-23my-150m-prutazna-rucni-folie-cerna.htm', 8),
  (1159, 'Kartonová krabice 800x400x400 5VVL klopová', 'krabice-balbox-800x400x400-5vvl-hh33bc-klopova-fefco-0201', 'https://www.eobaly.cz/krabice-balbox-800x400x400-5vvl-hh33bc-klopova-fefco-0201.htm', 1),
  (1161, 'Odvíje? pr?tažné fólie STRETCH stolní /OFR-3/', 'odvijec-prutazne-folie-stretch-stolni-ofr-3', 'https://www.eobaly.cz/odvijec-prutazne-folie-stretch-stolni-ofr-3.htm', 8),
  (1163, 'Kartonová krabice 800x600x300 5VVL klopová', 'krabice-balbox-800x600x300-5vvl-hh33bc-klopova-fefco-0201', 'https://www.eobaly.cz/krabice-balbox-800x600x300-5vvl-hh33bc-klopova-fefco-0201.htm', 1),
  (1165, 'Odvíje? pr?tažné fólie STRETCH, kovový, PROFI s brzdou', 'odvijec-prutazne-folie-stretch-kovovy-profi-s-brzdou', 'https://www.eobaly.cz/odvijec-prutazne-folie-stretch-kovovy-profi-s-brzdou.htm', 8),
  (1167, 'Kartonová krabice 800x600x400 5VVL klopová', 'krabice-balbox-800x600x400-5vvl-hh33bc-klopova-fefco-0201', 'https://www.eobaly.cz/krabice-balbox-800x600x400-5vvl-hh33bc-klopova-fefco-0201.htm', 1),
  (1169, 'Odvíje? pr?tažné fólie STRETCH, plastový, jednodílný -pro role 10 cm', 'odvijec-prutazne-folie-stretch-plastovy-jednodilny-pro-role-10-cm', 'https://www.eobaly.cz/odvijec-prutazne-folie-stretch-plastovy-jednodilny-pro-role-10-cm.htm', 8),
  (1171, 'Kartonová krabice 800x600x600 5VVL klopová', 'krabice-balbox-800x600x600-5vvl-hh33bc-klopova-fefco-0201', 'https://www.eobaly.cz/krabice-balbox-800x600x600-5vvl-hh33bc-klopova-fefco-0201.htm', 1),
  (1173, 'Odvíje? pr?tažné fólie STRETCH, plastový, dvoudílný', 'odvijec-prutazne-folie-stretch-plastovy-dvoudilny', 'https://www.eobaly.cz/odvijec-prutazne-folie-stretch-plastovy-dvoudilny.htm', 8),
  (1175, 'Kartonová krabice 500x300x300 5VVL klopová', 'krabice-balbox-500x300x300-5vvl-hh33bc-klopova-fefco-0201', 'https://www.eobaly.cz/krabice-balbox-500x300x300-5vvl-hh33bc-klopova-fefco-0201.htm', 1),
  (1177, 'Odvíje? pr?tažné fólie STRETCH, plastový, dvoudílný - Reel off Set', 'odvijec-prutazne-folie-stretch-plastovy-dvoudilny-reel-off-set', 'https://www.eobaly.cz/odvijec-prutazne-folie-stretch-plastovy-dvoudilny-reel-off-set.htm', 8),
  (1179, 'Kartonová krabice 500x400x300 5VVL klopová', 'krabice-balbox-500x400x300-5vvl-hh33bc-klopova-fefco-0201', 'https://www.eobaly.cz/krabice-balbox-500x400x300-5vvl-hh33bc-klopova-fefco-0201.htm', 1),
  (1181, 'Bublinková fólie v roli ší?e 500 mm', 'bublinkova-folie-role-sire-500mm-standardl2-navin-100-bm', 'https://www.eobaly.cz/bublinkova-folie-role-sire-500mm-standardl2-navin-100-bm.htm', 8),
  (1183, 'Kartonová krabice 500x400x400 5VVL klopová', 'krabice-balbox-500x400x400-5vvl-hh33bc-klopova-fefco-0201', 'https://www.eobaly.cz/krabice-balbox-500x400x400-5vvl-hh33bc-klopova-fefco-0201.htm', 1),
  (1185, 'Bublinková fólie v roli ší?e 500 mm antistatická', 'bublinkova-folie-v-roli-sire-500-mm-antistaticka', 'https://www.eobaly.cz/bublinkova-folie-v-roli-sire-500-mm-antistaticka.htm', 8),
  (1187, 'Kartonová krabice 600x500x300 5VVL klopová', 'krabice-balbox-600x500x300-5vvl-hh33bc-klopova-fefco-0201', 'https://www.eobaly.cz/krabice-balbox-600x500x300-5vvl-hh33bc-klopova-fefco-0201.htm', 1),
  (1189, 'Bublinková fólie v roli ší?e 1000 mm', 'bublinkova-folie-role-sire-1000mm-standardl2-navin-100-bm', 'https://www.eobaly.cz/bublinkova-folie-role-sire-1000mm-standardl2-navin-100-bm.htm', 8),
  (1191, 'Kartonová krabice 600x500x400 5VVL klopová', 'krabice-balbox-600x500x400-5vvl-hh33bc-klopova-fefco-0201', 'https://www.eobaly.cz/krabice-balbox-600x500x400-5vvl-hh33bc-klopova-fefco-0201.htm', 1),
  (1193, 'Bublinková fólie s velkými bublinami v roli ší?e 1000 mm', 'bublinkova-folie-role-sire-1000mm-g2-100l2-plus-navin-50-bm', 'https://www.eobaly.cz/bublinkova-folie-role-sire-1000mm-g2-100l2-plus-navin-50-bm.htm', 8),
  (1195, 'Kartonová krabice 600x500x500 5VVL klopová', 'krabice-balbox-600x500x500-5vvl-klopova', 'https://www.eobaly.cz/krabice-balbox-600x500x500-5vvl-klopova.htm', 1),
  (1197, 'Bublinková fólie v roli ší?e 1000 mm', 'bublinkova-folie-role-sire-1000mm-k3-100-l3-navin-100-bm', 'https://www.eobaly.cz/bublinkova-folie-role-sire-1000mm-k3-100-l3-navin-100-bm.htm', 8),
  (1199, 'Bublinková fólie v roli ší?e 1000 mm ?erná', 'bublinkova-folie-role-sire-1000mm-standard-navin-100-bm-cerna', 'https://www.eobaly.cz/bublinkova-folie-role-sire-1000mm-standard-navin-100-bm-cerna.htm', 8),
  (1201, 'P?epravní EUROBOX 1200x800x900 5VVL', 'krabice-5vvl-0200-1200x800x900-hh33bc-eurobox-bez-hornich-klop', 'https://www.eobaly.cz/krabice-5vvl-0200-1200x800x900-hh33bc-eurobox-bez-hornich-klop.htm', 1),
  (1203, 'Bublinková fólie v roli ší?e 1200 mm', 'bublinkova-folie-role-sire-1200mm-standardl2-navin-100-bm', 'https://www.eobaly.cz/bublinkova-folie-role-sire-1200mm-standardl2-navin-100-bm.htm', 8),
  (1205, 'P?epravní EUROBOX 1200x800x800 5VVL', 'krabice-5vvl-0200-1200x800x800-hh33bc-eurobox-bez-hornich-klop', 'https://www.eobaly.cz/krabice-5vvl-0200-1200x800x800-hh33bc-eurobox-bez-hornich-klop.htm', 1),
  (1207, 'Bublinková fólie v roli ší?e 1500 mm', 'bublinkova-folie-role-sire-1500mm-standardl2-navin-100-bm', 'https://www.eobaly.cz/bublinkova-folie-role-sire-1500mm-standardl2-navin-100-bm.htm', 8),
  (1209, 'P?epravní EUROBOX 1200x800x800 7VVL bez horních klop', 'krabice-7vvl-0200-1200x800x800-kw292baa-eurobox-bez-hornich-klop', 'https://www.eobaly.cz/krabice-7vvl-0200-1200x800x800-kw292baa-eurobox-bez-hornich-klop.htm', 1),
  (1211, 'Bublinková fólie v roli ší?e 1000 mm perforovaná', 'bublinkova-folie-v-roli-sire-1000-mm-perforovana', 'https://www.eobaly.cz/bublinkova-folie-v-roli-sire-1000-mm-perforovana.htm', 8),
  (1213, 'P?epravní EUROBOX 1200x800x800 7VVL klopová', 'krabice-7vvl-0201-1200x800x800-kw292baa-eurobox-klopova', 'https://www.eobaly.cz/krabice-7vvl-0201-1200x800x800-kw292baa-eurobox-klopova.htm', 1),
  (1215, 'Bublinková fólie v roli ší?e 500 mm perforovaná', 'bublinkova-folie-v-roli-sire-500-mm-perforovana', 'https://www.eobaly.cz/bublinkova-folie-v-roli-sire-500-mm-perforovana.htm', 8),
  (1217, 'P?epravní EUROBOX 1200x800x700 7VVL bez horních klop', 'krabice-7vvl-0200-1200x800x700-kw291baa-eurobox-bez-hornich-klop', 'https://www.eobaly.cz/krabice-7vvl-0200-1200x800x700-kw291baa-eurobox-bez-hornich-klop.htm', 1),
  (1219, 'Fólie bariérová ALU PLL 128 1000/100m, PET 15my+ALU 12my+HD/LLDPE 75my bez tisku', 'folie-barierova-alu-pll-128-1000100m-pet-15myalu-12myhdlldpe-75my-bez-tisku', 'https://www.eobaly.cz/folie-barierova-alu-pll-128-1000100m-pet-15myalu-12myhdlldpe-75my-bez-tisku.htm', 8),
  (1221, 'Proložka kartonová na paletu 770x1170 3VVL', 'prolozka-3vvl-770x1170-hh22b-na-paletu', 'https://www.eobaly.cz/prolozka-3vvl-770x1170-hh22b-na-paletu.htm', 1),
  (1223, 'Fólie bariérová ALU PLL 128 1500/100m, PET 15my+ALU 12my+HD/LLDPE 75my bez tisku', 'folie-barierova-alu-pll-128-1500100m-pet-15myalu-12myhdlldpe-75my-bez-tisku', 'https://www.eobaly.cz/folie-barierova-alu-pll-128-1500100m-pet-15myalu-12myhdlldpe-75my-bez-tisku.htm', 8),
  (1225, 'Proložka kartonová na paletu 770x1170 5VVL', 'prolozka-5vvl-770x1170-hh32bc-na-paletu', 'https://www.eobaly.cz/prolozka-5vvl-770x1170-hh32bc-na-paletu.htm', 1),
  (1227, 'Fólie bariérová ALU PLL OPA 157 1500/100m, PET 12my+ALU 9my+OPA 12my+LLDPE 100my bez tisku', 'folie-barierova-alu-pll-opa-157-1500100m-pet-12myalu-9myopa-12mylldpe-100my-bez-tisku', 'https://www.eobaly.cz/folie-barierova-alu-pll-opa-157-1500100m-pet-12myalu-9myopa-12mylldpe-100my-bez-tisku.htm', 8),
  (1229, 'Proložka z dvouvrstvé lepenky na paletu 800x1200', 'prolozka-2vvl-800x1200-vlna-b', 'https://www.eobaly.cz/prolozka-2vvl-800x1200-vlna-b.htm', 1),
  (1232, 'Fólie bariérová ALU PV 270 1500/100m, PES-LDPE-Al-LDPE', 'folie-barierova-alu-pv-270-1500100m-pes-ldpe-al-ldpe', 'https://www.eobaly.cz/folie-barierova-alu-pv-270-1500100m-pes-ldpe-al-ldpe.htm', 8),
  (1233, 'Proložka cartonplast na paletu 770x1170', 'prolozka-cartonplast-770x1170-25mm400g-bila-white', 'https://www.eobaly.cz/prolozka-cartonplast-770x1170-25mm400g-bila-white.htm', 1),
  (1235, 'Pytel 3 D+ 1170x770x800 EUROBOX - Vacumetic', 'pytel-3-d-1170x770x800-eurobox-vacumetic', 'https://www.eobaly.cz/pytel-3-d-1170x770x800-eurobox-vacumetic.htm', 8),
  (1237, 'Proložka kartonová 575x375 3VVL', 'prolozka-3vvl-0901-575x375-hh102b', 'https://www.eobaly.cz/prolozka-3vvl-0901-575x375-hh102b.htm', 1),
  (1239, 'Proložka kartonová na p?l palety 775x575 3VVL', 'prolozka-3vvl-0901-775x575-hh102b', 'https://www.eobaly.cz/prolozka-3vvl-0901-775x575-hh102b.htm', 1),
  (1241, 'Fólie polyetylénová hadice š.800/tl.0,05 v roli', 'folie-polyetylenova-hadice-s800005', 'https://www.eobaly.cz/folie-polyetylenova-hadice-s800005.htm', 8),
  (1243, 'Fólie polyetylénová hadice š.1200/tl.0,15 v roli', 'folie-polyetylenova-hadice-s1200015', 'https://www.eobaly.cz/folie-polyetylenova-hadice-s1200015.htm', 8),
  (1245, 'Proložka na paletu ze strojní lepenky 800x1200', 'prolozka-800x1200-strojni-lepenka-500gm2', 'https://www.eobaly.cz/prolozka-800x1200-strojni-lepenka-500gm2.htm', 1),
  (1247, 'Proklad 900x1350 balicí papír šedák', 'papir-balici-proklad-sedak-900x1350-90gm2', 'https://www.eobaly.cz/papir-balici-proklad-sedak-900x1350-90gm2.htm', 1),
  (1249, 'Fólie polyetylénová - Plochá š.1000/0,03', 'folie-polyetylenova-plocha-antistaticka-s1000003', 'https://www.eobaly.cz/folie-polyetylenova-plocha-antistaticka-s1000003.htm', 8),
  (1251, 'Fólie polyetylénová plochá proklad 960x570mm/0,1', 'folie-polyetylenova-proklad-570x960mm-01', 'https://www.eobaly.cz/folie-polyetylenova-proklad-570x960mm-01.htm', 8),
  (1253, 'Krabice s víkem A3 425x302x50 3VVL', 'krabice-na-tiskoviny-a3-425x302x50-3vvl-fefco-0306', 'https://www.eobaly.cz/krabice-na-tiskoviny-a3-425x302x50-3vvl-fefco-0306.htm', 1),
  (1255, 'Fólie polyetylénová na zakrývání palet 1200x1600/0,04, role 250 ks', 'folie-polyetylenova-na-zakryvani-palet-1200x1600004-role-250-ks', 'https://www.eobaly.cz/folie-polyetylenova-na-zakryvani-palet-1200x1600004-role-250-ks.htm', 8),
  (1257, 'Krabice klopová na tiskoviny A3 430x300x200 3VVL', 'krabice-klopova-na-tiskoviny-a3-430x300x200-3vvl-hh24b-fefco-0201', 'https://www.eobaly.cz/krabice-klopova-na-tiskoviny-a3-430x300x200-3vvl-hh24b-fefco-0201.htm', 1),
  (1259, 'Fólie polyetylénová na zakrývání palet 1200x1600/0,03', 'folie-polyetylenova-na-zakryvani-palet-1200x1600003-role-300-ks-dutinka-76mm-primar', 'https://www.eobaly.cz/folie-polyetylenova-na-zakryvani-palet-1200x1600003-role-300-ks-dutinka-76mm-primar.htm', 8),
  (1261, 'Krabice klopová na tiskoviny A3 430x300x300 3VVL', 'krabice-klopova-na-tiskoviny-a3-430x300x300-3vvl-hh24b-fefco-0201', 'https://www.eobaly.cz/krabice-klopova-na-tiskoviny-a3-430x300x300-3vvl-hh24b-fefco-0201.htm', 1),
  (1263, 'Svá?e?ka KF 200 H - ší?e ?elisti 200mm', 'svarecka-kf-200-h-sire-celisti-200mm', 'https://www.eobaly.cz/svarecka-kf-200-h-sire-celisti-200mm.htm', 8),
  (1265, 'Krabice na tiskoviny A3 430x310x100 3VVL', 'krabice-na-tiskoviny-a3-430x310x100-3vvl-hh22b-fefco-0471', 'https://www.eobaly.cz/krabice-na-tiskoviny-a3-430x310x100-3vvl-hh22b-fefco-0471.htm', 1),
  (1267, 'Svá?e?ka KF 200 HC s o?ezem - ší?e ?elisti 200mm', 'svarecka-kf-200-hc-s-orezem-sire-celisti-200mm', 'https://www.eobaly.cz/svarecka-kf-200-hc-s-orezem-sire-celisti-200mm.htm', 8),
  (1269, 'Krabice na tiskoviny A3 430x310x150 3VVL', 'krabice-na-tiskoviny-a3-430x310x150-3vvl-hh22b-fefco-0471', 'https://www.eobaly.cz/krabice-na-tiskoviny-a3-430x310x150-3vvl-hh22b-fefco-0471.htm', 1),
  (1271, 'Svá?e?ka KF 300 H - ší?e ?elisti 300mm', 'svarecka-kf-300-h-sire-celisti-300mm', 'https://www.eobaly.cz/svarecka-kf-300-h-sire-celisti-300mm.htm', 8),
  (1273, 'Krabice na tiskoviny A3 430x310x42 3VVL', 'krabice-na-tiskoviny-a3-430x310x42-3vvl', 'https://www.eobaly.cz/krabice-na-tiskoviny-a3-430x310x42-3vvl.htm', 1),
  (1275, 'Svá?e?ka KF 300 HC s o?ezem - ší?e ?elisti 300mm', 'svarecka-kf-300-hc-s-orezem-sire-celisti-300mm', 'https://www.eobaly.cz/svarecka-kf-300-hc-s-orezem-sire-celisti-300mm.htm', 8),
  (1277, 'Výškov? nastavitelná krabice na tiskoviny A3 435x335x235', 'krabice-na-tiskoviny-a3-435x335x235-5vvl-hh231bc-0201-5-rylu-navic-po-20-mm', 'https://www.eobaly.cz/krabice-na-tiskoviny-a3-435x335x235-5vvl-hh231bc-0201-5-rylu-navic-po-20-mm.htm', 1),
  (1279, 'Svá?e?ka KF 400 HC s o?ezem - ší?e ?elisti 400mm', 'svarecka-kf-400-hc-s-orezem-sire-celisti-400mm', 'https://www.eobaly.cz/svarecka-kf-400-hc-s-orezem-sire-celisti-400mm.htm', 8),
  (1281, 'Krabice klopová na tiskoviny A3 430x300x100 3VVL', 'krabice-klopova-na-tiskoviny-a3-430x300x100-3vvl-hh24b-fefco-0201', 'https://www.eobaly.cz/krabice-klopova-na-tiskoviny-a3-430x300x100-3vvl-hh24b-fefco-0201.htm', 1),
  (1283, 'Svá?e?ka KF 400 H - ší?e ?elisti 400mm', 'svarecka-kf-400-h-sire-celisti-400mm', 'https://www.eobaly.cz/svarecka-kf-400-h-sire-celisti-400mm.htm', 8),
  (1285, 'Poštovní obálka A3 335x500x-50 mikrovlnná lepenka', 'obalka-zasilkova-a3-din-335x500x-50-mikrovlnna-lepenka', 'https://www.eobaly.cz/obalka-zasilkova-a3-din-335x500x-50-mikrovlnna-lepenka.htm', 1),
  (1287, 'Svá?e?ka KF 500 HC s o?ezem - ší?e ?elisti 500mm', 'svarecka-kf-500-hc-s-orezem-sire-celisti-500mm', 'https://www.eobaly.cz/svarecka-kf-500-hc-s-orezem-sire-celisti-500mm.htm', 8),
  (1289, 'Obal pro média - A3 423x307xmax.70', 'obal-pro-media-a3-423x307xmax70-hh22b', 'https://www.eobaly.cz/obal-pro-media-a3-423x307xmax70-hh22b.htm', 1),
  (1291, 'Svá?e?ka KF 520 H - ší?e ?elisti 520mm', 'svarecka-kf-520-h-sire-celisti-520mm', 'https://www.eobaly.cz/svarecka-kf-520-h-sire-celisti-520mm.htm', 8),
  (1293, 'Univerzální zásilkový obal - A3 430x310x-90 z vlnité lepenky', 'univerzalni-zasilkovy-obal-a3-din-430x310x-90-z-vlnite-lepenky', 'https://www.eobaly.cz/univerzalni-zasilkovy-obal-a3-din-430x310x-90-z-vlnite-lepenky.htm', 1),
  (1295, 'Svá?e?ka KF 600 F stojanová - ší?e ?elisti 600mm', 'svarecka-kf-600-f-stojanova-sire-celisti-600mm', 'https://www.eobaly.cz/svarecka-kf-600-f-stojanova-sire-celisti-600mm.htm', 8),
  (1297, 'Zásilková krabice A3 460x309x180-300 SPEEDBOX', 'zasilkova-krabice-a3-460x309x180-300-premium', 'https://www.eobaly.cz/zasilkova-krabice-a3-460x309x180-300-premium.htm', 1),
  (1299, 'Svá?e?ka KF 300 F stojanová - ší?e ?elisti 300mm', 'svarecka-kf-300-f-stojanova-sire-celisti-300mm', 'https://www.eobaly.cz/svarecka-kf-300-f-stojanova-sire-celisti-300mm.htm', 8),
  (1301, 'Krabice s víkem A4 302x215x55 3VVL', 'krabice-na-tiskoviny-a4-302x215x55-3vvl-fefco-0306', 'https://www.eobaly.cz/krabice-na-tiskoviny-a4-302x215x55-3vvl-fefco-0306.htm', 1),
  (1303, 'Svá?e?ka KF 450 F stojanová - ší?e ?elisti 450mm', 'svarecka-kf-450-f-stojanova-sire-celisti-450mm', 'https://www.eobaly.cz/svarecka-kf-450-f-stojanova-sire-celisti-450mm.htm', 8),
  (1305, 'Krabice s víkem A4 302x215x107 3VVL', 'krabice-na-tiskoviny-a4-302x215x107-3vvl-fefco-0306', 'https://www.eobaly.cz/krabice-na-tiskoviny-a4-302x215x107-3vvl-fefco-0306.htm', 1),
  (1307, 'Svá?e?ka HPL ISZ 300 + zdroj - ší?e ?elisti 300mm', 'svarecka-hpl-isz-300-zdroj-sire-celisti-300mm', 'https://www.eobaly.cz/svarecka-hpl-isz-300-zdroj-sire-celisti-300mm.htm', 8),
  (1309, 'Krabice s víkem A4 307x222x170 3VVL', 'krabice-na-tiskoviny-a4-307x222x170-3vvl-fefco-0306', 'https://www.eobaly.cz/krabice-na-tiskoviny-a4-307x222x170-3vvl-fefco-0306.htm', 1),
  (1311, 'Svá?e?ka HPL ISZ 450 + zdroj - ší?e ?elisti 450mm', 'svarecka-hpl-isz-450-zdroj-sire-celisti-450mm', 'https://www.eobaly.cz/svarecka-hpl-isz-450-zdroj-sire-celisti-450mm.htm', 8),
  (1313, 'Krabice na tiskoviny A4 305x215x100 3VVL', 'krabice-na-tiskoviny-a4-305x215x100-3vvl-hh22b-fefco-0471', 'https://www.eobaly.cz/krabice-na-tiskoviny-a4-305x215x100-3vvl-hh22b-fefco-0471.htm', 1),
  (1315, 'Stolní držák pro svá?e?ku', 'stolni-drzak-pro-svarecku', 'https://www.eobaly.cz/stolni-drzak-pro-svarecku.htm', 8),
  (1317, 'Krabice na tiskoviny A4 305x215x150 3VVL', 'krabice-na-tiskoviny-a4-305x215x150-3vvl-hh22b-fefco-0471', 'https://www.eobaly.cz/krabice-na-tiskoviny-a4-305x215x150-3vvl-hh22b-fefco-0471.htm', 1),
  (1319, 'Svá?e?ka HPL WSZ 300 TB - s teflonovými ?elistmi', 'svarecka-hpl-wsz-300-tb-s-teflonovymi-celistmi', 'https://www.eobaly.cz/svarecka-hpl-wsz-300-tb-s-teflonovymi-celistmi.htm', 8),
  (1321, 'Krabice na tiskoviny A4 305x215x42 3VVL', 'krabice-na-tiskoviny-a4-305x215x42-3vvl-hh22b-fefco-0471', 'https://www.eobaly.cz/krabice-na-tiskoviny-a4-305x215x42-3vvl-hh22b-fefco-0471.htm', 1),
  (1323, 'Svá?e?ka HPL WSZ 400 TB - s teflonovými ?elistmi', 'svarecka-hpl-wsz-400-tb-s-teflonovymi-celistmi', 'https://www.eobaly.cz/svarecka-hpl-wsz-400-tb-s-teflonovymi-celistmi.htm', 8),
  (1325, 'Výškov? nastavitelná krabice na tiskoviny A4 305x215x130-240 3VVL', 'krabice-na-tiskoviny-a4-305x215x130-240-3vvl-fefco-0216', 'https://www.eobaly.cz/krabice-na-tiskoviny-a4-305x215x130-240-3vvl-fefco-0216.htm', 1),
  (1327, 'Topný drát pro svá?e?ky 200mm plochý', 'topny-drat-pro-svarecky-200h-plochy', 'https://www.eobaly.cz/topny-drat-pro-svarecky-200h-plochy.htm', 8),
  (1329, 'Krabice klopová na tiskoviny A4 310x220x100 3VVL', 'krabice-klopova-na-tiskoviny-a4-310x220x100-3vvl-hh24b-fefco-0201', 'https://www.eobaly.cz/krabice-klopova-na-tiskoviny-a4-310x220x100-3vvl-hh24b-fefco-0201.htm', 1),
  (1331, 'Topný drát pro svá?e?ky 200mm kulatý', 'topny-drat-pro-svarecky-200h-kulaty', 'https://www.eobaly.cz/topny-drat-pro-svarecky-200h-kulaty.htm', 8),
  (1333, 'Tkanina teflonová pro HAWO 0,08mm', 'tkanina-teflonova-pro-hawo-008mm', 'https://www.eobaly.cz/tkanina-teflonova-pro-hawo-008mm.htm', 8),
  (1335, 'Krabice klopová na tiskoviny A4 310x220x200 3VVL', 'krabice-klopova-na-tiskoviny-a4-310x220x200-3vvl-hh24b-fefco-0201', 'https://www.eobaly.cz/krabice-klopova-na-tiskoviny-a4-310x220x200-3vvl-hh24b-fefco-0201.htm', 1),
  (1337, 'Tkanina teflonová pro HAWO 0,13mm', 'tkanina-teflonova-pro-hawo-013mm', 'https://www.eobaly.cz/tkanina-teflonova-pro-hawo-013mm.htm', 8),
  (1339, 'Krabice klopová na tiskoviny A4 310x220x300 3VVL', 'krabice-klopova-na-tiskoviny-a4-310x220x300-3vvl-hh24b-fefco-0201', 'https://www.eobaly.cz/krabice-klopova-na-tiskoviny-a4-310x220x300-3vvl-hh24b-fefco-0201.htm', 1),
  (1341, 'Tkanina teflonová pro svá?e?ky 200mm', 'tkanina-teflonova-pro-svarecky-200mm', 'https://www.eobaly.cz/tkanina-teflonova-pro-svarecky-200mm.htm', 8),
  (1343, 'Univerzální zásilkový obal - A4 300x220x-80 z vlnité lepenky', 'univerzalni-zasilkovy-obal-a4-din-300x220x-80-z-vlnite-lepenky', 'https://www.eobaly.cz/univerzalni-zasilkovy-obal-a4-din-300x220x-80-z-vlnite-lepenky.htm', 1),
  (1345, 'Tkanina teflonová pro svá?e?ky 300mm', 'tkanina-teflonova-pro-svarecky-300mm', 'https://www.eobaly.cz/tkanina-teflonova-pro-svarecky-300mm.htm', 8),
  (1347, 'Univerzální zásilkový obal - A4 305x230x-92 z vlnité lepenky', 'univerzalni-zasilkovy-obal-a4-din-305x230x-92-z-vlnite-lepenky', 'https://www.eobaly.cz/univerzalni-zasilkovy-obal-a4-din-305x230x-92-z-vlnite-lepenky.htm', 1),
  (1349, 'Tkanina teflonová pro svá?e?ky 400mm', 'tkanina-teflonova-pro-svarecky-400mm', 'https://www.eobaly.cz/tkanina-teflonova-pro-svarecky-400mm.htm', 8),
  (1351, 'Krabice z mikrovlnné lepenky skládací s víkem - A4 304x215x100, 2 díly', 'krabice-skladaci-s-vikem-a4-din-304x215x100-2-dily-z-mikrovlnne-lepenky', 'https://www.eobaly.cz/krabice-skladaci-s-vikem-a4-din-304x215x100-2-dily-z-mikrovlnne-lepenky.htm', 1),
  (1353, 'Tkanina teflonová pro svá?e?ky 520mm (i 500mm)', 'tkanina-teflonova-pro-svarecky-520mm-i-500mm', 'https://www.eobaly.cz/tkanina-teflonova-pro-svarecky-520mm-i-500mm.htm', 8),
  (1355, 'Obal pro média - A4+ 300x220x max.70', 'obal-pro-media-a4-300x220x-max70-hh22b', 'https://www.eobaly.cz/obal-pro-media-a4-300x220x-max70-hh22b.htm', 1),
  (1357, 'Tkanina teflonová pro svá?e?ky 600mm', 'nahradni-dil-pro-svarecku-tkanina-teflonova-600mm', 'https://www.eobaly.cz/nahradni-dil-pro-svarecku-tkanina-teflonova-600mm.htm', 8),
  (1359, 'Zásilková krabice A4 302x230x70-160 SPEEDBOX', 'zasilkova-krabice-a4-302x230x70-160-premium', 'https://www.eobaly.cz/zasilkova-krabice-a4-302x230x70-160-premium.htm', 1),
  (1361, 'Topný drát pro svá?e?ky 300mm kulatý', 'topny-drat-pro-svarecky-300h-kulaty', 'https://www.eobaly.cz/topny-drat-pro-svarecky-300h-kulaty.htm', 8),
  (1363, 'Výškov? nastavitelná krabice na tiskoviny A5 215x155x120-200', 'krabice-na-tiskoviny-a5-215x155x120-200-3vvl-hh131b-0201-4-ryly-navic-po-20mm', 'https://www.eobaly.cz/krabice-na-tiskoviny-a5-215x155x120-200-3vvl-hh131b-0201-4-ryly-navic-po-20mm.htm', 1),
  (1365, 'Topný drát pro svá?e?ky 300mm plochý', 'topny-drat-pro-svarecky-300mm-plochy', 'https://www.eobaly.cz/topny-drat-pro-svarecky-300mm-plochy.htm', 8),
  (1367, 'Krabice na tiskoviny A5 220x150x100 3VVL', 'krabice-na-tiskoviny-a5-220x150x100-3vvl-hh22b-fefco-0471', 'https://www.eobaly.cz/krabice-na-tiskoviny-a5-220x150x100-3vvl-hh22b-fefco-0471.htm', 1),
  (1369, 'Topný drát pro svá?e?ky 400mm kulatý', 'topny-drat-pro-svarecky-400mm-kulaty', 'https://www.eobaly.cz/topny-drat-pro-svarecky-400mm-kulaty.htm', 8),
  (1371, 'Krabice na tiskoviny A5 220x150x150 3VVL', 'krabice-na-tiskoviny-a5-220x150x150-3vvl-hh22b-fefco-0471', 'https://www.eobaly.cz/krabice-na-tiskoviny-a5-220x150x150-3vvl-hh22b-fefco-0471.htm', 1),
  (1373, 'Topný drát na svá?e?ky 400mm plochý', 'topny-drat-na-svarecky-400mm-plochy', 'https://www.eobaly.cz/topny-drat-na-svarecky-400mm-plochy.htm', 8),
  (1375, 'Poštovní obálka A5 187x272x-50 mikrovlnná lepenka', 'obalka-zasilkova-a5-din-187x272x-50-mikrovlnna-lepenka', 'https://www.eobaly.cz/obalka-zasilkova-a5-din-187x272x-50-mikrovlnna-lepenka.htm', 1),
  (1377, 'Topný drát pro svá?e?ky 600mm plochý', 'topny-drat-pro-svarecky-600mm', 'https://www.eobaly.cz/topny-drat-pro-svarecky-600mm.htm', 8),
  (1379, 'Univerzální zásilkový obal - A5+ 249x165x-60 z vlnité lepenky', 'univerzalni-zasilkovy-obal-a5-din-249x165x-60-z-vlnite-lepenky', 'https://www.eobaly.cz/univerzalni-zasilkovy-obal-a5-din-249x165x-60-z-vlnite-lepenky.htm', 1),
  (1381, 'Topný drát pro svá?e?ky 500mm plochý', 'topny-drat-pro-svarecky-500mm-plochy', 'https://www.eobaly.cz/topny-drat-pro-svarecky-500mm-plochy.htm', 8),
  (1383, 'Zásilková krabice -A5+ 229x164x50-115 SPEEDBOX', 'zasilkova-krabice-a5-229x164x50-115-premium', 'https://www.eobaly.cz/zasilkova-krabice-a5-229x164x50-115-premium.htm', 1),
  (1385, 'Náhradní díl pro svá?e?ky - n?ž o?ezu', 'nahradni-dil-pro-svarecky-nuz-orezu', 'https://www.eobaly.cz/nahradni-dil-pro-svarecky-nuz-orezu.htm', 8),
  (1387, 'Krabice na tiskoviny A5 220x150x42 3VVL', 'krabice-na-tiskoviny-a5-220x150x42-3vvl-hh22b-fefco-0471', 'https://www.eobaly.cz/krabice-na-tiskoviny-a5-220x150x42-3vvl-hh22b-fefco-0471.htm', 1),
  (1389, 'Náhradní díl pro svá?e?ky - držák drátu', 'nahradni-dil-pro-svarecky-drzak-dratu', 'https://www.eobaly.cz/nahradni-dil-pro-svarecky-drzak-dratu.htm', 8),
  (1391, 'Krabice poštovní hn?dá 240x140x60 3VVL', 'krabice-tvvysek-240x140x60-3vl-hh-102b', 'https://www.eobaly.cz/krabice-tvvysek-240x140x60-3vl-hh-102b.htm', 1),
  (1393, 'Náhradní díl pro svá?e?ky KF - regulace svá?ení', 'nahradni-dil-pro-svarecky-kf-regulace-svareni', 'https://www.eobaly.cz/nahradni-dil-pro-svarecky-kf-regulace-svareni.htm', 8),
  (1395, 'Krabice poštovní hn?dá 245x185x75 3VVL', 'krabice-tvvysek-245x185x75-3vl-hh-102b', 'https://www.eobaly.cz/krabice-tvvysek-245x185x75-3vl-hh-102b.htm', 1),
  (1397, 'Páska samolepicí PP 48 AKCE Havana', 'paska-samolepici-pp-48-akce-havana', 'https://www.eobaly.cz/paska-samolepici-pp-48-akce-havana.htm', 8),
  (1399, 'Krabice poštovní 278x205x75 3VVL', 'krabice-postovni-278x205x75-3vvl-bh125b-fefco-0713', 'https://www.eobaly.cz/krabice-postovni-278x205x75-3vvl-bh125b-fefco-0713.htm', 1),
  (1401, 'Páska samolepicí PP 48x66 Havana', 'paska-samolepici-pp-48x66-havana', 'https://www.eobaly.cz/paska-samolepici-pp-48x66-havana.htm', 8),
  (1403, 'Krabice poštovní 245x170x37 3VVL', 'krabice-postovni-245x170x37-3vvl-bh-6401-e-fefco-0713', 'https://www.eobaly.cz/krabice-postovni-245x170x37-3vvl-bh-6401-e-fefco-0713.htm', 1),
  (1405, 'Páska samolepicí PP 48 AKCE Transparentní', 'paska-samolepici-pp-48-akce-transparentni', 'https://www.eobaly.cz/paska-samolepici-pp-48-akce-transparentni.htm', 8),
  (1407, 'Minikrabice / krabi?ka 93x93x30 3VVL', 'minikrabice-krabicka-93x93x30-3vvl', 'https://www.eobaly.cz/minikrabice-krabicka-93x93x30-3vvl.htm', 1),
  (1409, 'Páska samolepicí PP 50x66 Transparent - TigerTape - PP 1000', 'paska-samolepici-pp-50x66-transparent-tigertape-pp-1000', 'https://www.eobaly.cz/paska-samolepici-pp-50x66-transparent-tigertape-pp-1000.htm', 8),
  (1411, 'Minikrabice / krabi?ka 122x122x40 3VVL', 'minikrabice-krabicka-122x122x40-3vvl', 'https://www.eobaly.cz/minikrabice-krabicka-122x122x40-3vvl.htm', 1),
  (1413, 'Páska samolepicí PP 50x66 Havana - TigerTape - PP 1000', 'paska-samolepici-pp-50x66-havana-tigertape-pp-1000', 'https://www.eobaly.cz/paska-samolepici-pp-50x66-havana-tigertape-pp-1000.htm', 8),
  (1415, 'Zásilková krabice - 255x185x110-185 SPEEDBOX', 'zasilkova-krabice-255x185x110-185-premium', 'https://www.eobaly.cz/zasilkova-krabice-255x185x110-185-premium.htm', 1),
  (1417, 'Páska samolepicí PP 48x66 Transparentní', 'paska-samolepici-pp-48x66-transparentni', 'https://www.eobaly.cz/paska-samolepici-pp-48x66-transparentni.htm', 8),
  (1419, 'Zásilková krabice 355x255x130-230 SPEEDBOX', 'zasilkova-krabice-355x255x130-230-premium', 'https://www.eobaly.cz/zasilkova-krabice-355x255x130-230-premium.htm', 1),
  (1421, 'Páska samolepicí PVC 50x66 Havana - TigerTape - PVC 2000', 'paska-samolepici-pvc-50x66-havana-tigertape-pvc-2000', 'https://www.eobaly.cz/paska-samolepici-pvc-50x66-havana-tigertape-pvc-2000.htm', 8),
  (1423, 'Výškov? nastavitelná krabice na tiskoviny 350x250x200-300', 'krabice-na-tiskoviny-350x250x200-300-3vvl-hh131b-0201-5-rylu-navic-po-20mm', 'https://www.eobaly.cz/krabice-na-tiskoviny-350x250x200-300-3vvl-hh131b-0201-5-rylu-navic-po-20mm.htm', 1),
  (1425, 'Tichá páska samolepicí PP 48x66 havana, akrylát', 'paska-samolepici-pp-48x66-havana-tise-odvijitelna-akrylat', 'https://www.eobaly.cz/paska-samolepici-pp-48x66-havana-tise-odvijitelna-akrylat.htm', 8),
  (1427, 'Výškov? nastavitelná krabice na tiskoviny 394x294x140-240', 'krabice-na-tiskoviny-394x294x140-240-3vvl-hh131b-0201-5-rylu-navic-po-20mm', 'https://www.eobaly.cz/krabice-na-tiskoviny-394x294x140-240-3vvl-hh131b-0201-5-rylu-navic-po-20mm.htm', 1),
  (1429, 'Tichá páska samolepicí PP 48x66, transparentní, akrylát', 'paska-samolepici-pp-48x66-transparentni-tise-odvijitelna-akrylat', 'https://www.eobaly.cz/paska-samolepici-pp-48x66-transparentni-tise-odvijitelna-akrylat.htm', 8),
  (1431, 'Zásilkový obal s fóliovou fixací 12\"- 19\" FLEXIBAL', 'komplet-notebook-max-19-krabice-5vvl-545x363x109-fixacni-prolozka-430x310x70', 'https://www.eobaly.cz/komplet-notebook-max-19-krabice-5vvl-545x363x109-fixacni-prolozka-430x310x70.htm', 1),
  (1433, 'Páska samolepicí PVC 50x66 Transparent - TigerTape - PVC 2000', 'paska-samolepici-pvc-50x66-transparent-tigertape-pvc-2000', 'https://www.eobaly.cz/paska-samolepici-pvc-50x66-transparent-tigertape-pvc-2000.htm', 8),
  (1435, 'Zásilkový obal s fóliovou fixací do 5,5\" FLEXIBAL', 'zasilkovy-obal-s-foliovou-fixaci-do-55-flexibal', 'https://www.eobaly.cz/zasilkovy-obal-s-foliovou-fixaci-do-55-flexibal.htm', 1),
  (1437, 'Páska samolepicí PP 48x66 HAVANA - SOLVENT', 'paska-samolepici-pp-48x66-havana-solvent', 'https://www.eobaly.cz/paska-samolepici-pp-48x66-havana-solvent.htm', 8),
  (1439, 'Zásilkový obal s fóliovou fixací do 10,1\" FLEXIBAL', 'komplet-krabice-klopova-3vvl-220x150x42-vlozka-s-fixacni-folii-303x213x43', 'https://www.eobaly.cz/komplet-krabice-klopova-3vvl-220x150x42-vlozka-s-fixacni-folii-303x213x43.htm', 1),
  (1441, 'Páska samolepicí PP 48x66 TRANSPARENT - SOLVENT', 'paska-samolepici-pp-48x66-transparent-solvent', 'https://www.eobaly.cz/paska-samolepici-pp-48x66-transparent-solvent.htm', 8),
  (1443, 'Kartonový tubus 150x150x600 3VVL', 'krabice-tubus-150x150x600-3vvl-hh24b-2411b-fefco-0201', 'https://www.eobaly.cz/krabice-tubus-150x150x600-3vvl-hh24b-2411b-fefco-0201.htm', 1),
  (1445, 'Lepící páska Havana 75x66 hn?dá', 'paska-samolepici-pp-75x66-havana', 'https://www.eobaly.cz/paska-samolepici-pp-75x66-havana.htm', 8),
  (1447, 'Kartonový tubus 150x150x800 3VVL', 'krabice-tubus-150x150x800-3vvl-hh24b-2411b-fefco-0201', 'https://www.eobaly.cz/krabice-tubus-150x150x800-3vvl-hh24b-2411b-fefco-0201.htm', 1),
  (1449, 'Páska samolepicí PP 75x66 Transparentní', 'paska-samolepici-pp-75x66-transparentni', 'https://www.eobaly.cz/paska-samolepici-pp-75x66-transparentni.htm', 8),
  (1451, 'Kartonový tubus 160x160x1200 3VVL', 'krabice-tubus-160x160x1200-3vvl-hh24b-2411b-fefco-0201', 'https://www.eobaly.cz/krabice-tubus-160x160x1200-3vvl-hh24b-2411b-fefco-0201.htm', 1),
  (1453, 'Barevná lepící páska 50x66 bílá', 'paska-samolepici-pp-50x66-bila', 'https://www.eobaly.cz/paska-samolepici-pp-50x66-bila.htm', 8),
  (1455, 'Kartonový tubus 100x100x500 3VVL', 'krabice-tubus-100x100x500-3vvl-hh24b-fefco-0426', 'https://www.eobaly.cz/krabice-tubus-100x100x500-3vvl-hh24b-fefco-0426.htm', 1),
  (1457, 'Barevná lepící páska 50x66 ?ervená', 'paska-samolepici-pp-50x66-cervena', 'https://www.eobaly.cz/paska-samolepici-pp-50x66-cervena.htm', 8),
  (1459, 'Krabice tubus 100x100x800 3VVL', 'krabice-tubus-100x100x800-3vvl-2', 'https://www.eobaly.cz/krabice-tubus-100x100x800-3vvl-2.htm', 1),
  (1461, 'Barevná lepící páska 50x66 zelená', 'paska-samolepici-pp-50x66-zelena', 'https://www.eobaly.cz/paska-samolepici-pp-50x66-zelena.htm', 8),
  (1463, 'Kartonový tubus 100x100x1000 3VVL', 'krabice-tubus-1000x100x100-3vvl-hh24b-fefco-0426', 'https://www.eobaly.cz/krabice-tubus-1000x100x100-3vvl-hh24b-fefco-0426.htm', 1),
  (1465, 'Barevná lepící páska 50x66 modrá', 'paska-samolepici-pp-50x66-modra', 'https://www.eobaly.cz/paska-samolepici-pp-50x66-modra.htm', 8),
  (1468, 'Barevná lepící páska 50x66 žlutá', 'paska-samolepici-pp-50x66-zluta', 'https://www.eobaly.cz/paska-samolepici-pp-50x66-zluta.htm', 8),
  (1469, 'Kartonový tubus 100x100x800 3VVL', 'krabice-tubus-100x100x800-3vvl', 'https://www.eobaly.cz/krabice-tubus-100x100x800-3vvl.htm', 1),
  (1471, 'Páska samolepicí PP 25x66 Transparentní', 'paska-samolepici-pp-25x66-transparentni', 'https://www.eobaly.cz/paska-samolepici-pp-25x66-transparentni.htm', 8),
  (1473, 'Kartonový tubus 110x110x1200 3VVL', 'krabice-tubus-110x110x1200-3vvl', 'https://www.eobaly.cz/krabice-tubus-110x110x1200-3vvl.htm', 1),
  (1475, 'Páska samolepicí PP 25x66 Havana', 'paska-samolepici-pp-25x66-havana', 'https://www.eobaly.cz/paska-samolepici-pp-25x66-havana.htm', 8),
  (1477, 'Kartonový tubus 200x200x800 5VVL', 'krabice-tubus-200x200x800-5vvl-hh33bc-fefco-0201', 'https://www.eobaly.cz/krabice-tubus-200x200x800-5vvl-hh33bc-fefco-0201.htm', 1),
  (1479, 'Barevná lepící páska PVC 9x66 ?ervená', 'paska-samolepici-pvc-9x66-cervena', 'https://www.eobaly.cz/paska-samolepici-pvc-9x66-cervena.htm', 8),
  (1481, 'Kartonový tubus 200x200x1200 5VVL', 'krabice-tubus-200x200x1200-5vvl-hh33bc-fefco-0201', 'https://www.eobaly.cz/krabice-tubus-200x200x1200-5vvl-hh33bc-fefco-0201.htm', 1),
  (1483, 'Barevná lepící páska PVC 9x66 žlutá', 'paska-samolepici-pvc-9x66-zluta', 'https://www.eobaly.cz/paska-samolepici-pvc-9x66-zluta.htm', 8),
  (1485, 'Kartonový tubus 212x212x1000 5VVL', 'krabice-tubus-212x212x1000-5vvl', 'https://www.eobaly.cz/krabice-tubus-212x212x1000-5vvl.htm', 1),
  (1487, 'Barevná lepící páska PVC 9x66 zelená', 'paska-samolepici-pvc-9x66-zelena', 'https://www.eobaly.cz/paska-samolepici-pvc-9x66-zelena.htm', 8),
  (1489, 'Zásilkový tubus A2 z vlnité lepenky - 105-55x75x435', 'zasilkovy-tubus-a2-din-435x10555x75-z-vlnite-lepenky', 'https://www.eobaly.cz/zasilkovy-tubus-a2-din-435x10555x75-z-vlnite-lepenky.htm', 1),
  (1491, 'Barevná lepící páska PVC 9x66 Transparentní', 'paska-samolepici-pvc-9x66-transparentni', 'https://www.eobaly.cz/paska-samolepici-pvc-9x66-transparentni.htm', 8),
  (1493, 'Zásilkový tubus A1 z vlnité lepenky - 55-105x75x610', 'zasilkovy-tubus-a1-din-610x10555x75-z-vlnite-lepenky', 'https://www.eobaly.cz/zasilkovy-tubus-a1-din-610x10555x75-z-vlnite-lepenky.htm', 1),
  (1495, 'Barevná lepící páska PVC 9x66 modrá', 'paska-samolepici-pvc-9x66-modra', 'https://www.eobaly.cz/paska-samolepici-pvc-9x66-modra.htm', 8),
  (1497, 'Zásilkový tubus A1+ z vlnité lepenky - 55-105x75x705', 'zasilkovy-tubus-a1-z-vlnite-lepenky-705x10555x75', 'https://www.eobaly.cz/zasilkovy-tubus-a1-z-vlnite-lepenky-705x10555x75.htm', 1),
  (1499, 'Barevná lepící páska PVC 9x66 bílá', 'paska-samolepici-pvc-9x66-bila', 'https://www.eobaly.cz/paska-samolepici-pvc-9x66-bila.htm', 8),
  (1501, 'Zásilkový tubus A0 z vlnité lepenky - 55-105x75x860', 'zasilkovy-tubus-a0-din-860x10555x75-z-vlnite-lepenky', 'https://www.eobaly.cz/zasilkovy-tubus-a0-din-860x10555x75-z-vlnite-lepenky.htm', 1),
  (1503, 'Páska samolepicí papírová 50x50 Hn?dá', 'paska-samolepici-papirova-50x50-hneda', 'https://www.eobaly.cz/paska-samolepici-papirova-50x50-hneda.htm', 8),
  (1505, 'Zásilkový tubus - A0+ 55-105x75x1005 z vlnité lepenky', 'zasilkovy-tubus-a0-1005x10555x75-z-vlnite-lepenky', 'https://www.eobaly.cz/zasilkovy-tubus-a0-1005x10555x75-z-vlnite-lepenky.htm', 1),
  (1507, 'Páska samolepicí zpevn?ná vlákny 50x50', 'paska-samolepici-zpevnena-vlakny-50x50', 'https://www.eobaly.cz/paska-samolepici-zpevnena-vlakny-50x50.htm', 8),
  (1509, 'Papírový tubus 80x2x1000', 'dutinka-papirova-tubus-1000x80x2', 'https://www.eobaly.cz/dutinka-papirova-tubus-1000x80x2.htm', 1),
  (1511, 'Páska samolepicí zpevn?ná vlákny 50x50 m?ížkové provedení', 'paska-samolepici-zpevnena-vlakny-50x50-mrizkove-provedeni', 'https://www.eobaly.cz/paska-samolepici-zpevnena-vlakny-50x50-mrizkove-provedeni.htm', 8),
  (1513, 'Papírový tubus 80x2x500', 'dutinka-papirova-tubus-500x80x2', 'https://www.eobaly.cz/dutinka-papirova-tubus-500x80x2.htm', 1),
  (1515, 'Páska samolepicí krepová 50x50', 'paska-samolepici-krepova-50x50', 'https://www.eobaly.cz/paska-samolepici-krepova-50x50.htm', 8),
  (1517, 'Papírový tubus 80x2x700', 'dutinka-papirova-tubus-700x80x2', 'https://www.eobaly.cz/dutinka-papirova-tubus-700x80x2.htm', 1),
  (1519, 'Páska samolepicí krepová 25x50', 'paska-samolepici-krepova-25x50', 'https://www.eobaly.cz/paska-samolepici-krepova-25x50.htm', 8),
  (1521, 'Zásilkový tubus B0 z vlnité lepenky - 105x105x1005', 'zasilkovy-tubus-b0-z-vlnite-lepenky-1005x105x105', 'https://www.eobaly.cz/zasilkovy-tubus-b0-z-vlnite-lepenky-1005x105x105.htm', 1),
  (1523, 'Páska samolepicí zpevn?ná vlákny 25x50', 'paska-samolepici-zpevnena-vlakny-25x50', 'https://www.eobaly.cz/paska-samolepici-zpevnena-vlakny-25x50.htm', 8),
  (1525, 'Zásilkový tubus B0+ z vlnité lepenky - 105x105x1170', 'zasilkovy-tubus-b0-z-vlnite-lepenky-1170x105x105', 'https://www.eobaly.cz/zasilkovy-tubus-b0-z-vlnite-lepenky-1170x105x105.htm', 1),
  (1527, 'Páska samolepicí univerzální 50x10 st?íbrná', 'paska-samolepici-univerzalni-50x10', 'https://www.eobaly.cz/paska-samolepici-univerzalni-50x10.htm', 8),
  (1529, 'Zásilkový tubus A3 z vlnité lepenky - 105x105x315', 'zasilkovy-tubus-a3-z-vlnite-lepenky-315x105x105', 'https://www.eobaly.cz/zasilkovy-tubus-a3-z-vlnite-lepenky-315x105x105.htm', 1),
  (1531, 'Páska samolepicí krepová 38x50', 'paska-samolepici-krepova-38x50', 'https://www.eobaly.cz/paska-samolepici-krepova-38x50.htm', 8),
  (1533, 'Zásilkový tubus A2 z vlnité lepenky - 105x105x435', 'zasilkovy-tubus-a2-z-vlnite-lepenky-435x105x105', 'https://www.eobaly.cz/zasilkovy-tubus-a2-z-vlnite-lepenky-435x105x105.htm', 1),
  (1535, 'Páska samolepicí krycí 50x33 PVC - montážní žlutá', 'paska-samolepici-kryci-50x33-pvc-montazni-zluta', 'https://www.eobaly.cz/paska-samolepici-kryci-50x33-pvc-montazni-zluta.htm', 8),
  (1537, 'Kartonový tubus 200x200x800 5VVL + 212x212x1000', 'kartonovy-tubus-200x200x800-5vvl-212x212x1000', 'https://www.eobaly.cz/kartonovy-tubus-200x200x800-5vvl-212x212x1000.htm', 1),
  (1539, 'Páska samolepicí oboustranná 50x10 - bez textilního nosi?e', 'paska-samolepici-oboustranna-50x10-bez-textilniho-nosice', 'https://www.eobaly.cz/paska-samolepici-oboustranna-50x10-bez-textilniho-nosice.htm', 8),
  (1541, 'Krabice archiva?ní A4 300x210x310 3VVL s víkem', 'krabice-archivacni-a4-300x210x310-3vvl-s-vikem', 'https://www.eobaly.cz/krabice-archivacni-a4-300x210x310-3vvl-s-vikem.htm', 1),
  (1543, 'Páska samolepicí krycí 38x33 PVC - montážní žlutá', 'paska-samolepici-kryci-38x33-pvc-montazni-zluta', 'https://www.eobaly.cz/paska-samolepici-kryci-38x33-pvc-montazni-zluta.htm', 8),
  (1545, 'Krabice archiva?ní A3 420x325x310 3VVL s víkem', 'krabice-archivacni-a3-420x325x310-3vvl-s-vikem', 'https://www.eobaly.cz/krabice-archivacni-a3-420x325x310-3vvl-s-vikem.htm', 1),
  (1547, 'Páska samolepicí krycí 30x33 PVC - montážní žlutá', 'paska-samolepici-kryci-30x33-pvc-montazni-zluta', 'https://www.eobaly.cz/paska-samolepici-kryci-30x33-pvc-montazni-zluta.htm', 8),
  (1549, 'Zásilkový tubus B0+ z vlnité lepenky - 105x105x1170', 'zasilkovy-tubus-b0-z-vlnite-lepenky-1170x105x105', 'https://www.eobaly.cz/zasilkovy-tubus-b0-z-vlnite-lepenky-1170x105x105.htm', 1),
  (1551, 'Páska samolepicí PP 48x66 tisk STOP', 'paska-samolepici-pp-48x66-tisk-stop', 'https://www.eobaly.cz/paska-samolepici-pp-48x66-tisk-stop.htm', 8),
  (1553, 'Zásilkový tubus A3 z vlnité lepenky - 105x105x315', 'zasilkovy-tubus-a3-z-vlnite-lepenky-315x105x105', 'https://www.eobaly.cz/zasilkovy-tubus-a3-z-vlnite-lepenky-315x105x105.htm', 1),
  (1555, 'Páska samolepicí PP 50x66 tisk FRAGILE - K?ehké', 'paska-samolepici-pp-50x66-tisk-fragile-krehke', 'https://www.eobaly.cz/paska-samolepici-pp-50x66-tisk-fragile-krehke.htm', 8),
  (1557, 'Zásilkový tubus A2 z vlnité lepenky - 105x105x435', 'zasilkovy-tubus-a2-z-vlnite-lepenky-435x105x105', 'https://www.eobaly.cz/zasilkovy-tubus-a2-z-vlnite-lepenky-435x105x105.htm', 1),
  (1559, 'Páska samolepicí PP 50x66 ?ervená+tisk BRUCHGEFAHR', 'paska-samolepici-pp-50x66-cervenatisk-bruchgefahr', 'https://www.eobaly.cz/paska-samolepici-pp-50x66-cervenatisk-bruchgefahr.htm', 8),
  (1561, 'Kartonový tubus 200x200x800 5VVL + 212x212x1000', 'kartonovy-tubus-200x200x800-5vvl-212x212x1000', 'https://www.eobaly.cz/kartonovy-tubus-200x200x800-5vvl-212x212x1000.htm', 1),
  (1563, 'Páska samolepicí PP 50x66 tisk PRUHY žlutá+?erná', 'paska-samolepici-pp-50x66-tisk-pruhy-zlutacerna', 'https://www.eobaly.cz/paska-samolepici-pp-50x66-tisk-pruhy-zlutacerna.htm', 8),
  (1565, 'Krabice archiva?ní A4 300x210x310 3VVL s víkem', 'krabice-archivacni-a4-300x210x310-3vvl-s-vikem', 'https://www.eobaly.cz/krabice-archivacni-a4-300x210x310-3vvl-s-vikem.htm', 1),
  (1567, 'Páska samolepicí PP 50x66 tisk PRUHY bílá+?ervená', 'paska-samolepici-pp-50x66-tisk-pruhy-bilacervena', 'https://www.eobaly.cz/paska-samolepici-pp-50x66-tisk-pruhy-bilacervena.htm', 8),
  (1569, 'Krabice archiva?ní A3 420x325x310 3VVL s víkem', 'krabice-archivacni-a3-420x325x310-3vvl-s-vikem', 'https://www.eobaly.cz/krabice-archivacni-a3-420x325x310-3vvl-s-vikem.htm', 1),
  (1571, 'Odvíje? samolepicí pásky - Zavíra? karton? SB 50 s brzdou', 'odvijec-samolepici-pasky-zavirac-kartonu-sb-50', 'https://www.eobaly.cz/odvijec-samolepici-pasky-zavirac-kartonu-sb-50.htm', 8),
  (1573, 'Zásilková krabice C5 230x165x115 REVERSE', 'zasilkova-krabice-c5-230x165x115-3vvl-reverse', 'https://www.eobaly.cz/zasilkova-krabice-c5-230x165x115-3vvl-reverse.htm', 1),
  (1575, 'Odvíje? samolepicí pásky - Zavíra? karton? kruhový pro pásku do š. 50mm', 'odvijec-samolepici-pasky-zavirac-kartonu-kruhovy-pro-pasku-do-s-50mm', 'https://www.eobaly.cz/odvijec-samolepici-pasky-zavirac-kartonu-kruhovy-pro-pasku-do-s-50mm.htm', 8),
  (1577, 'Zásilková krabice 284x284x167 REVERSE', 'zasilkova-krabice-284x284x167-3vvl-revers', 'https://www.eobaly.cz/zasilkova-krabice-284x284x167-3vvl-revers.htm', 1),
  (1579, 'Odvíje? samolepicí pásky - Zavíra? karton? SB 75 s brzdou', 'odvijec-samolepici-pasky-zavirac-kartonu-sb-75', 'https://www.eobaly.cz/odvijec-samolepici-pasky-zavirac-kartonu-sb-75.htm', 8),
  (1581, 'Zásilková krabice A4+ 305x250x175 REVERSE', 'zasilkova-krabice-a4-305x250x175-3vvl-revers', 'https://www.eobaly.cz/zasilkova-krabice-a4-305x250x175-3vvl-revers.htm', 1),
  (1583, 'Odvíje? pro samolepicí pásku, stolní T-7 - max. š. 50mm', 'odvijec-pro-samolepici-pasku-stolni-t-7-max-s-50mm', 'https://www.eobaly.cz/odvijec-pro-samolepici-pasku-stolni-t-7-max-s-50mm.htm', 8),
  (1585, 'Krabice na st?hování 590x318x328 5VVL', 'krabice-na-stehovani-590x318x328-5vvl-203bc', 'https://www.eobaly.cz/krabice-na-stehovani-590x318x328-5vvl-203bc.htm', 1),
  (1587, 'Odvíje? pro samolepicí pásku, stolní T-2 - š. 25mm', 'odvijec-pro-samolepici-pasku-stolni-t-2-s-25mm', 'https://www.eobaly.cz/odvijec-pro-samolepici-pasku-stolni-t-2-s-25mm.htm', 8),
  (1589, 'Krabice na st?hování 492x288x334 5VVL', 'krabice-na-stehovani-492x288x334-5vvl-203bc', 'https://www.eobaly.cz/krabice-na-stehovani-492x288x334-5vvl-203bc.htm', 1),
  (1591, 'Odvije? samolepicí pásky - Zavíra? sá?k? T5, max. š.9 -12 mm', 'odvijec-samolepici-pasky-zavirac-sacku-t5-max-s9-12-mm', 'https://www.eobaly.cz/odvijec-samolepici-pasky-zavirac-sacku-t5-max-s9-12-mm.htm', 8),
  (1593, 'Krabice na st?hování 650x350x370 5VVL', 'krabice-na-stehovani-650x350x370-5vvl', 'https://www.eobaly.cz/krabice-na-stehovani-650x350x370-5vvl.htm', 1),
  (1595, 'Sešíva?ka kartonážní P1 32/15-18 mm pneumatická', 'sponkovacka-kartonazni-p1-3215-18-mm-odlehcena', 'https://www.eobaly.cz/sponkovacka-kartonazni-p1-3215-18-mm-odlehcena.htm', 8),
  (1597, 'Minikrabice / krabi?ka 100x100x40 3VVL', 'minikrabice-krabicka-100x100x40-3vvl', 'https://www.eobaly.cz/minikrabice-krabicka-100x100x40-3vvl.htm', 1),
  (1599, 'Sponkova?ka kartonážní P2 26/38 na široké spony', 'sponkovacka-kartonazni-p2-2638-na-siroke-spony', 'https://www.eobaly.cz/sponkovacka-kartonazni-p2-2638-na-siroke-spony.htm', 8),
  (1601, 'Minikrabice / krabi?ka 137x90x34 3VVL', 'minikrabice-3vvl-0000-137x90x34-tvarovy-vysek', 'https://www.eobaly.cz/minikrabice-3vvl-0000-137x90x34-tvarovy-vysek.htm', 1),
  (1603, 'Sešíva?ka kartonážní JK 20T 779 L22 pneumatická (spony 10-22mm)', 'sesivacka-kartonazni-jk-20t-779-l22-pneumaticka-spony-10-22mm', 'https://www.eobaly.cz/sesivacka-kartonazni-jk-20t-779-l22-pneumaticka-spony-10-22mm.htm', 8),
  (1605, 'Minikrabice / krabi?ka 165x115x70 3VVL', 'minikrabice-krabicka-165x115x70-3vvl', 'https://www.eobaly.cz/minikrabice-krabicka-165x115x70-3vvl.htm', 1),
  (1607, 'Sešíva?ka kartonážní JK 20T 777L pneumatická', 'sesivacka-kartonazni-jk-20t-777l-pneumaticka', 'https://www.eobaly.cz/sesivacka-kartonazni-jk-20t-777l-pneumaticka.htm', 8),
  (1609, 'Minikrabice / krabi?ka 172x132x40 3VVL', 'minikrabice-krabicka-172x132x40-3vvl', 'https://www.eobaly.cz/minikrabice-krabicka-172x132x40-3vvl.htm', 1),
  (1611, 'Sponkova?ka Paslode S200W16 pro sponkovaní ke d?evu (spony W16/16-50)', 'sponkovacka-paslode-s200w16-pro-sponkovani-ke-drevu-spony-w1616-50', 'https://www.eobaly.cz/sponkovacka-paslode-s200w16-pro-sponkovani-ke-drevu-spony-w1616-50.htm', 8),
  (1613, 'Minikrabice / krabi?ka 74x52x34 3VVL', 'minikrabice-3vvl-0471-74x52x34-tvarovy-vysek', 'https://www.eobaly.cz/minikrabice-3vvl-0471-74x52x34-tvarovy-vysek.htm', 1),
  (1615, 'Sešíva?ka kartonážní C 561 pneumatická pro spony 15-18 mm', 'sesivacka-kartonazni-c-561-pneumanicka-pro-spony-15-18mm', 'https://www.eobaly.cz/sesivacka-kartonazni-c-561-pneumanicka-pro-spony-15-18mm.htm', 8),
  (1617, 'Sešíva?ka kartonážní PL12/16 P1 pneumatická (spony 8-16mm)', 'sesivacka-kartonazni-pl1216-p1-pneumaticka-spony-8-16mm', 'https://www.eobaly.cz/sesivacka-kartonazni-pl1216-p1-pneumaticka-spony-8-16mm.htm', 8),
  (1619, 'Minikrabice / krabi?ka 105x74x52 3VVL', 'minikrabice-3vvl-0471-105x74x52-tvarovy-vysek', 'https://www.eobaly.cz/minikrabice-3vvl-0471-105x74x52-tvarovy-vysek.htm', 1),
  (1621, 'Sešíva?ka kartonážní P6C-8 mechanická pro spony STCR5019', 'sesivacka-kartonazni-p6c-8-mechanicka-pro-spony-stcr5019', 'https://www.eobaly.cz/sesivacka-kartonazni-p6c-8-mechanicka-pro-spony-stcr5019.htm', 8),
  (1623, 'Minikrabice / krabi?ka 148x105x74 3VVL', 'minikrabice-3vvl-0471-148x105x74-tvarovy-vysek', 'https://www.eobaly.cz/minikrabice-3vvl-0471-148x105x74-tvarovy-vysek.htm', 1),
  (1625, 'Sponkova?ka ru?ní Rapid M1 10/14 pro spony 6-14mm', 'sponkovacka-rucni-rapid-34-pro-spony-6-14mm', 'https://www.eobaly.cz/sponkovacka-rucni-rapid-34-pro-spony-6-14mm.htm', 8),
  (1627, 'Krabice poštovní 145x95x55 3VVL', 'krabice-postovni-145x95x55-3vvl-bh125b-fefco-0713', 'https://www.eobaly.cz/krabice-postovni-145x95x55-3vvl-bh125b-fefco-0713.htm', 1),
  (1629, 'Sponkova?ka ru?ní M1 11/08 pro spony 6-8mm', 'sponkovacka-rucni-rapid-14-pro-spony-6-8mm', 'https://www.eobaly.cz/sponkovacka-rucni-rapid-14-pro-spony-6-8mm.htm', 8),
  (1631, 'Krabice poštovní 175x115x37 3VVL', 'krabice-postovni-175x115x37-3vvl-bh-6401-e-fefco-0713', 'https://www.eobaly.cz/krabice-postovni-175x115x37-3vvl-bh-6401-e-fefco-0713.htm', 1),
  (1633, 'Sponkovací kladivo RPF 14 pro spony 6-14mm', 'sponkovaci-kladivo-rapid-311-pro-spony-6-12mm', 'https://www.eobaly.cz/sponkovaci-kladivo-rapid-311-pro-spony-6-12mm.htm', 8),
  (1635, 'Krabice poštovní 175x115x85 3VVL', 'krabice-postovni-175x115x85-3vvl-bh125b-fefco-0713', 'https://www.eobaly.cz/krabice-postovni-175x115x85-3vvl-bh125b-fefco-0713.htm', 1),
  (1637, 'Sešíva?ka kartonážní C 561 mechanická pro spony 15-18mm', 'sesivacka-kartonazni-c-561-mechanicka-pro-spony-15-18mm', 'https://www.eobaly.cz/sesivacka-kartonazni-c-561-mechanicka-pro-spony-15-18mm.htm', 8),
  (1639, 'Krabice poštovní 195x135x55 3VVL', 'krabice-postovni-195x135x55-3vvl-bh125b-fefco-0713', 'https://www.eobaly.cz/krabice-postovni-195x135x55-3vvl-bh125b-fefco-0713.htm', 1),
  (1641, 'Sešíva?ka kartonážní C 561 mechanická pro spony 22mm', 'sesivacka-kartonazni-c-561-mechanicka-pro-spony-22mm', 'https://www.eobaly.cz/sesivacka-kartonazni-c-561-mechanicka-pro-spony-22mm.htm', 8),
  (1643, 'Krabice poštovní 245x170x85 3VVL', 'krabice-postovni-245x170x85-3vvl-bh125b-fefco-0713', 'https://www.eobaly.cz/krabice-postovni-245x170x85-3vvl-bh125b-fefco-0713.htm', 1),
  (1645, 'Sešíva?ka kartonážní C 561 mechanická pro spony 22mm', 'sesivacka-kartonazni-c-561-mechanicka-pro-spony-22mm', 'https://www.eobaly.cz/sesivacka-kartonazni-c-561-mechanicka-pro-spony-22mm.htm', 8),
  (1647, 'Krabice poštovní 302x198x115 3VVL', 'krabice-postovni-302x198x115-3vvl-bh125b-fefco-0713', 'https://www.eobaly.cz/krabice-postovni-302x198x115-3vvl-bh125b-fefco-0713.htm', 1),
  (1649, 'Spona do sešíva?ky JK 561-15', 'spona-do-sesivacky-jk-561-15', 'https://www.eobaly.cz/spona-do-sesivacky-jk-561-15.htm', 8),
  (1651, 'Krabice poštovní 345x245x105 3VVL', 'krabice-postovni-345x245x105-3vvl-bh125b-fefco-0713', 'https://www.eobaly.cz/krabice-postovni-345x245x105-3vvl-bh125b-fefco-0713.htm', 1),
  (1653, 'Spona do sešíva?ky JK 777-12', 'spona-do-sesivacky-jk-777-12', 'https://www.eobaly.cz/spona-do-sesivacky-jk-777-12.htm', 8),
  (1655, 'Krabice poštovní 375x265x125 3VVL', 'krabice-postovni-375x265x125-3vvl-bh125b-fefco-0713', 'https://www.eobaly.cz/krabice-postovni-375x265x125-3vvl-bh125b-fefco-0713.htm', 1),
  (1657, 'Spona do sešíva?ky JK 561-18', 'spona-do-sesivacky-jk-561-18', 'https://www.eobaly.cz/spona-do-sesivacky-jk-561-18.htm', 8),
  (1659, 'Krabice poštovní 395x245x135 3VVL', 'krabice-postovni-395x245x135-3vvl-bh125b-fefco-0713', 'https://www.eobaly.cz/krabice-postovni-395x245x135-3vvl-bh125b-fefco-0713.htm', 1),
  (1661, 'Spona do sešíva?ky JK 561-18 (OEM - balení po 4100ks)', 'spona-do-sesivacky-jk-561-18-oem-baleni-po-4100ks', 'https://www.eobaly.cz/spona-do-sesivacky-jk-561-18-oem-baleni-po-4100ks.htm', 8),
  (1663, 'Krabice poštovní hn?dá 200x160x130 3VVL', 'krabice-tvvysek-200x160x130-3vl-hh-102b', 'https://www.eobaly.cz/krabice-tvvysek-200x160x130-3vl-hh-102b.htm', 1),
  (1665, 'Spona do sponkova?ky M1 140/10 NK (345/10 ZN) balení 5.000ks', 'spona-do-sponkovacky-rapid-14010-nk-34510-zn-baleni-5000ks', 'https://www.eobaly.cz/spona-do-sponkovacky-rapid-14010-nk-34510-zn-baleni-5000ks.htm', 8),
  (1667, 'krabice poštovní hn?dá 245x185x120 3VVL', 'krabice-tvvysek-245x185x120-3vl-hh-102b', 'https://www.eobaly.cz/krabice-tvvysek-245x185x120-3vl-hh-102b.htm', 1),
  (1669, 'Spona STCR5019-10mm (pro sešíva?ku ru?ní P6C-8)', 'spona-stcr5019-10mm-pro-sesivacku-rucni-p6c-8-stare-oznaceni-sth-5019-10', 'https://www.eobaly.cz/spona-stcr5019-10mm-pro-sesivacku-rucni-p6c-8-stare-oznaceni-sth-5019-10.htm', 8),
  (1671, 'Krabice poštovní hn?dá 260x200x105 3VVL', 'krabice-tvvysek-260x200x105-3vl-hh-102b', 'https://www.eobaly.cz/krabice-tvvysek-260x200x105-3vl-hh-102b.htm', 1),
  (1673, 'Spona do sešíva?ky JK 561-22', 'spona-do-sesivacky-jk-561-22', 'https://www.eobaly.cz/spona-do-sesivacky-jk-561-22.htm', 8),
  (1675, 'Krabice poštovní hn?dá 300x240x105 3VVL', 'krabice-tvvysek-300x240x105-3vl-hh-102b', 'https://www.eobaly.cz/krabice-tvvysek-300x240x105-3vl-hh-102b.htm', 1),
  (1677, 'Spona do sponkova?ky M1 10/14 balení 5.000ks', 'spona-do-sponkovacky-rapid-14008-nk-34508-zn-baleni-5000ks', 'https://www.eobaly.cz/spona-do-sponkovacky-rapid-14008-nk-34508-zn-baleni-5000ks.htm', 8),
  (1679, 'Krabice poštovní hn?dá 300x240x160 3VVL', 'krabice-tvvysek-300x240x160-3vl-hh-102b', 'https://www.eobaly.cz/krabice-tvvysek-300x240x160-3vl-hh-102b.htm', 1),
  (1681, 'Spona STH 5019-6 - 1/4,6mm (pro sešíva?ku ru?ní P6C-8)', 'spona-sth-5019-6-14-6mm-pro-sesivacku-rucni-p6c-8', 'https://www.eobaly.cz/spona-sth-5019-6-14-6mm-pro-sesivacku-rucni-p6c-8.htm', 8),
  (1683, 'Krabice poštovní hn?dá 370x170x120 3VVL', 'krabice-tvvysek-370x170x120-3vl-hh-102b', 'https://www.eobaly.cz/krabice-tvvysek-370x170x120-3vl-hh-102b.htm', 1),
  (1685, 'Spona do sponkova?ky M1 10/14 balení 5.000ks', 'spona-do-sponkovacky-rapid-14014-nk-baleni-5000ks', 'https://www.eobaly.cz/spona-do-sponkovacky-rapid-14014-nk-baleni-5000ks.htm', 8),
  (1687, 'Krabice poštovní hn?dá 370x170x170 3VVL', 'krabice-tvvysek-370x170x170-3vl-hh-102b', 'https://www.eobaly.cz/krabice-tvvysek-370x170x170-3vl-hh-102b.htm', 1),
  (1689, 'Spona do sešíva?ky JK 561-15 (OEM - balení po 4950ks)', 'spona-do-sesivacky-jk-561-15-oem-baleni-po-4950ks', 'https://www.eobaly.cz/spona-do-sesivacky-jk-561-15-oem-baleni-po-4950ks.htm', 8),
  (1691, 'Krabice rychlouzavírací 310x230x110 3VVL', 'krabice-rychlouzaviraci-260x200x160-3vvl-2', 'https://www.eobaly.cz/krabice-rychlouzaviraci-260x200x160-3vvl-2.htm', 1),
  (1693, 'Spona do sponkova?ky W 16/25 CNK', 'spona-do-sponkovacky-w-1625-cnk', 'https://www.eobaly.cz/spona-do-sponkovacky-w-1625-cnk.htm', 8),
  (1695, 'Krabice na VÍNO p?epravní 6 lahví - PROFI', 'krabice-na-vino-prepravni-6-lahvi', 'https://www.eobaly.cz/krabice-na-vino-prepravni-6-lahvi.htm', 1),
  (1697, 'Spona do sponkova?ky W 16/32 CNK', 'spona-do-sponkovacky-w-1632-cnk', 'https://www.eobaly.cz/spona-do-sponkovacky-w-1632-cnk.htm', 8),
  (1699, 'Krabice na VÍNO 80x80x370 s vyraženým hroznem 2VVL', 'krabice-na-vino-80x80x370-hneda-s-vyrazenym-hroznem-z-2vvl', 'https://www.eobaly.cz/krabice-na-vino-80x80x370-hneda-s-vyrazenym-hroznem-z-2vvl.htm', 1),
  (1701, 'Spona do sponkova?ky W 16/38 CNK', 'spona-do-sponkovacky-w-1638-cnk', 'https://www.eobaly.cz/spona-do-sponkovacky-w-1638-cnk.htm', 8),
  (1703, 'Spona do sponkova?ky M1 10/14 balení 5.000ks', 'spona-do-sponkovacky-rapid-14006-nk-34506-zn-baleni-5000ks', 'https://www.eobaly.cz/spona-do-sponkovacky-rapid-14006-nk-34506-zn-baleni-5000ks.htm', 8),
  (1705, 'Spona do sešíva?ky JK 777-16 (balení 2400ks)', 'spona-do-sesivacky-jk-777-16', 'https://www.eobaly.cz/spona-do-sesivacky-jk-777-16.htm', 8),
  (1707, 'Spona do sponkova?ky P2 26/38 délka 32mm', 'spona-do-sponkovacky-p2-2638', 'https://www.eobaly.cz/spona-do-sponkovacky-p2-2638.htm', 8),
  (1709, 'Spona do sponkova?ky ru?ní M1 11/08', 'spona-do-sponkovacky-rucni-m1-1108', 'https://www.eobaly.cz/spona-do-sponkovacky-rucni-m1-1108.htm', 8),
  (1711, 'Spona do sponkova?ky M1 11/08', 'spona-do-sponkovacky-m1-1108', 'https://www.eobaly.cz/spona-do-sponkovacky-m1-1108.htm', 8),
  (1713, 'Spona do sešíva?ky \"PL12/16\" AK-16 (balení 5.000ks)', 'spona-do-sesivacky-pl1216-ak-16-baleni-5000ks', 'https://www.eobaly.cz/spona-do-sesivacky-pl1216-ak-16-baleni-5000ks.htm', 8),
  (1715, 'Spona do sešíva?ky JK 779-22 OEM - balení 10600ks', 'spona-do-sesivacky-jk-779-22-oem-baleni-10600ks', 'https://www.eobaly.cz/spona-do-sesivacky-jk-779-22-oem-baleni-10600ks.htm', 8),
  (1717, 'P?imazáva? vzduchu 1/4\" na hadici', 'primazavac-vzduchu-14-na-hadici', 'https://www.eobaly.cz/primazavac-vzduchu-14-na-hadici.htm', 8),
  (1719, 'Hadice spirálová s rychlospojkami 7,5 m', 'hadice-spiralova-s-rychlospojkami', 'https://www.eobaly.cz/hadice-spiralova-s-rychlospojkami.htm', 8),
  (1721, 'Záv?s pružinový ZP-5 /BALANCERPROFI 1-5 kg/', 'zaves-pruzinovy-zp-5-balancerprofi-1-5-kg', 'https://www.eobaly.cz/zaves-pruzinovy-zp-5-balancerprofi-1-5-kg.htm', 8),
  (1723, 'Záv?s pružinový SB-3 /BALANCER 1,5-3kg/', 'zaves-pruzinovy-sb-3-balancer-15-3kg', 'https://www.eobaly.cz/zaves-pruzinovy-sb-3-balancer-15-3kg.htm', 8),
  (1725, 'Páska vázací ocelová ší?e 16 - bez pokovení (1kg = 16 m)', 'paska-vazaci-ocelova-sire-16-bez-pokoveni-1kg-16-m', 'https://www.eobaly.cz/paska-vazaci-ocelova-sire-16-bez-pokoveni-1kg-16-m.htm', 8),
  (1727, 'Páska vázací ocelová ší?e 20 - bez pokovení (1kg = 10,6 m)', 'paska-vazaci-ocelova-sire-20-bez-pokoveni-1kg-106-m', 'https://www.eobaly.cz/paska-vazaci-ocelova-sire-20-bez-pokoveni-1kg-106-m.htm', 8),
  (1729, 'Páska vázací PES polyesterová ší?e 25 -typ PES 25 - návin 500m pevnost 9,5 kN', 'paska-vazaci-pes-polyesterova-sire-25-typ-pes-25-navin-500m-pevnost-95-kn', 'https://www.eobaly.cz/paska-vazaci-pes-polyesterova-sire-25-typ-pes-25-navin-500m-pevnost-95-kn.htm', 8),
  (1731, 'Páska vázací PES polyesterová ší?e 16 - typ PES 16 - návin 850m - vlákna podélná - d?litelná', 'paska-vazaci-pes-polyesterova-sire-16-typ-pes-16-navin-850m-vlakna-podelna-delitelna', 'https://www.eobaly.cz/paska-vazaci-pes-polyesterova-sire-16-typ-pes-16-navin-850m-vlakna-podelna-delitelna.htm', 8),
  (1733, 'Páska vázací PES polyesterová ší?e 19 -typ PES 19 - návin 600m - vlákna podélná -d?litelná', 'paska-vazaci-pes-polyesterova-sire-19-typ-pes-19-navin-600m-vlakna-podelna-delitelna', 'https://www.eobaly.cz/paska-vazaci-pes-polyesterova-sire-19-typ-pes-19-navin-600m-vlakna-podelna-delitelna.htm', 8),
  (1735, 'Páska vázací PES polyesterová ší?e 13 - typ PES 13 - návin 1100m - vlákna podélná - d?litelná', 'paska-vazaci-pes-polyesterova-sire-13-typ-pes-13-navin-1100m-vlakna-podelna-delitelna', 'https://www.eobaly.cz/paska-vazaci-pes-polyesterova-sire-13-typ-pes-13-navin-1100m-vlakna-podelna-delitelna.htm', 8),
  (1737, 'Páska vázací PES polyesterová ší?e 13 -typ PES 13 - návin 1100m - vlákna nap?í? - ned?litelná', 'paska-vazaci-pes-polyesterova-sire-13-typ-pes-13-navin-1100m-vlakna-napric-nedelitelna', 'https://www.eobaly.cz/paska-vazaci-pes-polyesterova-sire-13-typ-pes-13-navin-1100m-vlakna-napric-nedelitelna.htm', 8),
  (1739, 'Páska vázací PES polyesterová ší?e 16 -typ PES 16 - návin 850m - vlákna nap?í? - ned?litelná', 'paska-vazaci-pes-polyesterova-sire-16-typ-pes-16-navin-850m-vlakna-napric-nedelitelna', 'https://www.eobaly.cz/paska-vazaci-pes-polyesterova-sire-16-typ-pes-16-navin-850m-vlakna-napric-nedelitelna.htm', 8),
  (1741, 'Páska vázací PES polyesterová ší?e 19 -typ PES 19 - návin 600m - vlákna nap?í? - ned?litelná', 'paska-vazaci-pes-polyesterova-sire-19-typ-pes-19-navin-600m-vlakna-napric-nedelitelna', 'https://www.eobaly.cz/paska-vazaci-pes-polyesterova-sire-19-typ-pes-19-navin-600m-vlakna-napric-nedelitelna.htm', 8),
  (1743, 'Páska vázací PET ší?e 16x0,80 návin 1200m (pevnost 5200N)', 'paska-vazaci-pet-polyesterova-sire-16x080-navin-1200m-pevnost-5200n', 'https://www.eobaly.cz/paska-vazaci-pet-polyesterova-sire-16x080-navin-1200m-pevnost-5200n.htm', 8),
  (1745, 'Páska vázací PET ší?e 12x0,70 návin 2500m (pevnost 3500N)', 'paska-vazaci-pet-polyesterova-sire-12x070-navin-2500m-pevnost-3500n', 'https://www.eobaly.cz/paska-vazaci-pet-polyesterova-sire-12x070-navin-2500m-pevnost-3500n.htm', 8),
  (1747, 'Páska vázací PP ší?e 10x0,35mm návin 900m dutinka 60mm polypropylénová', 'paska-vazaci-pp-sire-10x035mm-navin-900m-dutinka-60mm-polypropylenova', 'https://www.eobaly.cz/paska-vazaci-pp-sire-10x035mm-navin-900m-dutinka-60mm-polypropylenova.htm', 8),
  (1749, 'Páska vázací PP ší?e 10x0,4mm návin 3500m dutinka 200mm polypropylénová', 'paska-vazaci-pp-sire-10x04mm-navin-3500m-dutinka-200mm-polypropylenova', 'https://www.eobaly.cz/paska-vazaci-pp-sire-10x04mm-navin-3500m-dutinka-200mm-polypropylenova.htm', 8),
  (1751, 'Páska vázací PP ší?e 12x0,5mm návin 3000m dutinka 400mm polypropylénová', 'paska-vazaci-pp-sire-12x05mm-navin-3000m-dutinka-400mm-polypropylenova', 'https://www.eobaly.cz/paska-vazaci-pp-sire-12x05mm-navin-3000m-dutinka-400mm-polypropylenova.htm', 8),
  (1753, 'Páska vázací PP ší?e 12x0,5mm návin 3100m dutinka 200mm polypropylénová', 'paska-vazaci-pp-sire-12x05mm-navin-3100m-dutinka-200mm-polypropylenova', 'https://www.eobaly.cz/paska-vazaci-pp-sire-12x05mm-navin-3100m-dutinka-200mm-polypropylenova.htm', 8),
  (1755, 'Páska vázací PP ší?e 12x0,7mm návin 2200m dutinka 400mm polypropylénová', 'paska-vazaci-pp-sire-12x07mm-navin-2200m-dutinka-400mm-polypropylenova', 'https://www.eobaly.cz/paska-vazaci-pp-sire-12x07mm-navin-2200m-dutinka-400mm-polypropylenova.htm', 8),
  (1757, 'Páska vázací PP ší?e 15x0,65mm návin 1500m dutinka 400mm polypropylénová', 'paska-vazaci-pp-sire-15x065mm-navin-1500m-dutinka-400mm-polypropylenova', 'https://www.eobaly.cz/paska-vazaci-pp-sire-15x065mm-navin-1500m-dutinka-400mm-polypropylenova.htm', 8),
  (1759, 'Spona vázací plechová 9mm pro pásku polypropylénovou ší?e 9-10mm', 'spona-vazaci-plechova-9mm-pro-pasku-polypropylenovou-sire-9mm', 'https://www.eobaly.cz/spona-vazaci-plechova-9mm-pro-pasku-polypropylenovou-sire-9mm.htm', 8),
  (1761, 'Spona vázací plastová pro pásku polypropylénovou ší?e 10-12mm', 'spona-vazaci-plastova-pro-pasku-polypropylenovou-sire-10-12mm', 'https://www.eobaly.cz/spona-vazaci-plastova-pro-pasku-polypropylenovou-sire-10-12mm.htm', 8),
  (1763, 'Spona vázací plechová 10mm pro pásku polypropylénovou ší?e 10mm', 'spona-vazaci-plechova-10mm-pro-pasku-polypropylenovou-sire-10mm', 'https://www.eobaly.cz/spona-vazaci-plechova-10mm-pro-pasku-polypropylenovou-sire-10mm.htm', 8),
  (1765, 'Spona vázací plechová 13mm pro pásku polypropylénovou ší?e 12- 13mm', 'spona-vazaci-plechova-13mm-pro-pasku-polypropylenovou-sire-12-13mm', 'https://www.eobaly.cz/spona-vazaci-plechova-13mm-pro-pasku-polypropylenovou-sire-12-13mm.htm', 8),
  (1767, 'Spona vázací plastová 16mm pro pásku polypropylénovou ší?e 16mm', 'spona-vazaci-plastova-16mm-pro-pasku-polypropylenovou-sire-16mm', 'https://www.eobaly.cz/spona-vazaci-plastova-16mm-pro-pasku-polypropylenovou-sire-16mm.htm', 8),
  (1769, 'Spona vázací plechová 16mm pro pásku polypropylénovou ší?e 16mm', 'spona-vazaci-plechova-16mm-pro-pasku-polypropylenovou-sire-16mm', 'https://www.eobaly.cz/spona-vazaci-plechova-16mm-pro-pasku-polypropylenovou-sire-16mm.htm', 8),
  (1771, 'Spona vázací pro pásku PES (PET,PP) ší?e 13mm, drát?ná B4, fosfát', 'spona-vazaci-pro-pasku-pes-petpp-sire-13mm-dratena-b4', 'https://www.eobaly.cz/spona-vazaci-pro-pasku-pes-petpp-sire-13mm-dratena-b4.htm', 8),
  (1773, 'Spona vázací pro polyesterovou pásku PES ší?e 16mm, drát?ná B5, fosfát', 'spona-vazaci-pro-polyesterovou-pasku-pes-sire-16mm-dratena-b5', 'https://www.eobaly.cz/spona-vazaci-pro-polyesterovou-pasku-pes-sire-16mm-dratena-b5.htm', 8),
  (1775, 'Spona vázací pro polyesterovou pásku PES ší?e 19mm, drát?ná B6, fosfát', 'spona-vazaci-pro-polyesterovou-pasku-pes-sire-19mm-dratena-b6', 'https://www.eobaly.cz/spona-vazaci-pro-polyesterovou-pasku-pes-sire-19mm-dratena-b6.htm', 8),
  (1777, 'Spona vázací pro polyesterovou pásku PES ší?e 25mm, drát?ná B8, fosfát', 'spona-vazaci-pro-polyesterovou-pasku-pes-sire-25mm-dratena-b8', 'https://www.eobaly.cz/spona-vazaci-pro-polyesterovou-pasku-pes-sire-25mm-dratena-b8.htm', 8),
  (1779, 'Spona vázací plechová 12mm pro pásku polypropylénovou ší?e 12mm', 'spona-vazaci-plechova-12mm-pro-pasku-polypropylenovou-sire-12mm-2', 'https://www.eobaly.cz/spona-vazaci-plechova-12mm-pro-pasku-polypropylenovou-sire-12mm-2.htm', 8),
  (1781, 'Odvinova? vázací pásky PP10,12,16 vozík - vnit?ní pr?m?r 200mm ; 400mm', 'odvinovac-vazaci-pasky-pp101216-vozik-vnitrni-prumer-20-40-60cm', 'https://www.eobaly.cz/odvinovac-vazaci-pasky-pp101216-vozik-vnitrni-prumer-20-40-60cm.htm', 8),
  (1783, 'Odvinova? vázací pásky PP10 (PES) - p?enosný, vnit?ní pr?m?r 60-75mm', 'odvinovac-vazaci-pasky-pp10-pes-prenosny-vnitrni-prumer-60-75mm', 'https://www.eobaly.cz/odvinovac-vazaci-pasky-pp10-pes-prenosny-vnitrni-prumer-60-75mm.htm', 8),
  (1785, 'Odvinova? vázací pásky ocelové OP-5 - vnit?ní pr?m?r 260-310mm', 'odvinovac-vazaci-pasky-ocelove-op-5-vnitrni-prumer-260-310mm', 'https://www.eobaly.cz/odvinovac-vazaci-pasky-ocelove-op-5-vnitrni-prumer-260-310mm.htm', 8),
  (1787, 'Odvinova? vázací pásky OP-8 COMBI', 'odvinovac-vazaci-pasky-op-8-combi', 'https://www.eobaly.cz/odvinovac-vazaci-pasky-op-8-combi.htm', 8),
  (1789, 'Odvinova? vázací pásky ocelové OP-26 na ší?ku pásky 13-20mm', 'odvinovac-vazaci-pasky-ocelove-op-26-na-sirku-pasky16-20mm', 'https://www.eobaly.cz/odvinovac-vazaci-pasky-ocelove-op-26-na-sirku-pasky16-20mm.htm', 8),
  (1791, 'Napína? - Páskova? XL9 ru?ní - pro pásku polypropylenovou ší?e 9-10 mm', 'napinac-paskovac-xl9-rucni-pro-pasku-polypropylenovou-sire-9-10-mm', 'https://www.eobaly.cz/napinac-paskovac-xl9-rucni-pro-pasku-polypropylenovou-sire-9-10-mm.htm', 8),
  (1793, 'Napína? - Páskova? XL13 ru?ní - pro pásku polypropylenovou ší?e 12mm', 'napinac-paskovac-xl13-rucni-pro-pasku-polypropylenovou-sire-12mm', 'https://www.eobaly.cz/napinac-paskovac-xl13-rucni-pro-pasku-polypropylenovou-sire-12mm.htm', 8),
  (1795, 'Páskova? akumulátorový ZAPAK ZP93, PP, PET, ší?e 9-16mm', 'paskovac-akumulatorovy-zapak-zp93-pp-pet-sire-9-16mm', 'https://www.eobaly.cz/paskovac-akumulatorovy-zapak-zp93-pp-pet-sire-9-16mm.htm', 8),
  (1797, 'Páskova? akumulátorový ZAPAK ZP97, PP, PET, ší?e 16-19mm', 'paskovac-akumulatorovy-zapak-zp97-pro-pet-sire-16-19mm-4000-n', 'https://www.eobaly.cz/paskovac-akumulatorovy-zapak-zp97-pro-pet-sire-16-19mm-4000-n.htm', 8),
  (1799, 'Napína? - Páskova? XL16 ru?ní - pro pásku polypropylenovou ší?e 16mm', 'napinac-paskovac-xl16-rucni-pro-pasku-polypropylenovou-sire-16mm', 'https://www.eobaly.cz/napinac-paskovac-xl16-rucni-pro-pasku-polypropylenovou-sire-16mm.htm', 8),
  (1801, 'Napína? - Páskova? BO-6 ru?ní - pro pásku ocelovou ší?e 13-20mm', 'napinac-paskovac-bo-6-rucni-pro-pasku-ocelovou-sire-13-20mm', 'https://www.eobaly.cz/napinac-paskovac-bo-6-rucni-pro-pasku-ocelovou-sire-13-20mm.htm', 8),
  (1803, 'Napína? - Páskova? BO-7 (SWING) ru?ní -pro pásku ocelovou ší?e 13-20 (0,4-0,8)mm', 'napinac-paskovac-bo-7-swing-rucni-pro-pasku-ocelovou-sire-13-20-04-08mm', 'https://www.eobaly.cz/napinac-paskovac-bo-7-swing-rucni-pro-pasku-ocelovou-sire-13-20-04-08mm.htm', 8),
  (1805, 'Napína? polyesterové pásky, ru?ní - H 22, ší?e 9-19mm (PES)', 'napinac-polyesterove-pasky-rucni-h-22-sire-9-19mm-pes', 'https://www.eobaly.cz/napinac-polyesterove-pasky-rucni-h-22-sire-9-19mm-pes.htm', 8),
  (1807, 'Napína? polyesterové pásky, ru?ní - H 26 JUMBO , ší?e 13-32mm', 'napinac-polyesterove-pasky-rucni-h-26-jumbo-sire-13-32mm', 'https://www.eobaly.cz/napinac-polyesterove-pasky-rucni-h-26-jumbo-sire-13-32mm.htm', 8),
  (1809, 'Napína? polyesterové pásky, ru?ní - H 27 JUMBO , ší?e 24-52 mm', 'napinac-polyesterove-pasky-rucni-h-27-jumbo-sire-13-50mm', 'https://www.eobaly.cz/napinac-polyesterove-pasky-rucni-h-27-jumbo-sire-13-50mm.htm', 8),
  (1811, 'Napína? - Páskova? PP10 ru?ní', 'napinac-paskovac-pp10-rucni', 'https://www.eobaly.cz/napinac-paskovac-pp10-rucni.htm', 8),
  (1813, 'Napína? - Páskova? PP12 ru?ní', 'napinac-paskovac-pp12-rucni', 'https://www.eobaly.cz/napinac-paskovac-pp12-rucni.htm', 8),
  (1815, 'Napína? - Páskova? BO-51 ru?ní - pro pásku ocelovou ší?e 13-20mm', 'napinac-paskovac-bo-51-rucni-pro-pasku-ocelovou-sire-13-20mm', 'https://www.eobaly.cz/napinac-paskovac-bo-51-rucni-pro-pasku-ocelovou-sire-13-20mm.htm', 8),
  (1817, 'Napína? - Páskova? TP 206 poloautomat', 'napinac-paskovac-tp-206-poloautomat', 'https://www.eobaly.cz/napinac-paskovac-tp-206-poloautomat.htm', 8),
  (1819, 'Napína? PP a PET pásky, PPX ru?ní, ší?e 12-13mm', 'napinac-pp-a-pet-pasky-ppx-rucni-sire-12-13mm', 'https://www.eobaly.cz/napinac-pp-a-pet-pasky-ppx-rucni-sire-12-13mm.htm', 8),
  (1821, 'Provaz, motouz polypropylenový - návin cca 800 m', 'provaz-motouz-polypropylenovy-navin-cca-800-m', 'https://www.eobaly.cz/provaz-motouz-polypropylenovy-navin-cca-800-m.htm', 8),
  (1823, 'Provaz, motouz jutový - návin cca 200 m', 'provaz-motouz-lykovy-navin-cca-200-m', 'https://www.eobaly.cz/provaz-motouz-lykovy-navin-cca-200-m.htm', 8),
  (1825, 'Gumi?ky svazkovací pr. 80mm -á 1000g', 'gumicky-svazkovaci-pr-80mm-a-1000g', 'https://www.eobaly.cz/gumicky-svazkovaci-pr-80mm-a-1000g.htm', 8),
  (1827, 'Gumi?ky svazkovací pr. 60mm -á 1000g', 'gumicky-svazkovaci-pr-60mm-a-1000g', 'https://www.eobaly.cz/gumicky-svazkovaci-pr-60mm-a-1000g.htm', 8),
  (1829, 'Gumi?ky svazkovací pr. 40mm -á 1000g', 'gumicky-svazkovaci-pr-40mm-a-1000g', 'https://www.eobaly.cz/gumicky-svazkovaci-pr-40mm-a-1000g.htm', 8),
  (1831, 'Gumi?ky svazkovací pr. 30mm -á 1000g', 'gumicky-svazkovaci-pr-30mm-a-1000g', 'https://www.eobaly.cz/gumicky-svazkovaci-pr-30mm-a-1000g.htm', 8),
  (1833, 'Gumi?ky svazkovací pr. 20mm -á 1000g', 'gumicky-svazkovaci-pr-20mm-a-1000g', 'https://www.eobaly.cz/gumicky-svazkovaci-pr-20mm-a-1000g.htm', 8),
  (1835, 'N?ž na p?nové profily', 'nuz-na-penove-profily', 'https://www.eobaly.cz/nuz-na-penove-profily.htm', 8),
  (1837, 'N?ž obalá?ský na folii /WA - 320/', 'nuz-obalarsky-na-folii-wa-320', 'https://www.eobaly.cz/nuz-obalarsky-na-folii-wa-320.htm', 8),
  (1839, 'N?ž obalá?ský vysunovací /K-220/ celokovový', 'nuz-obalarsky-vysunovaci-k-220-celokovovy', 'https://www.eobaly.cz/nuz-obalarsky-vysunovaci-k-220-celokovovy.htm', 8),
  (1841, 'N?ž obalá?ský multifunk?ní /CN-100/', 'nuz-obalarsky-multifunkcni-cn-100', 'https://www.eobaly.cz/nuz-obalarsky-multifunkcni-cn-100.htm', 8),
  (1843, 'Náhradní ?epele pro obalá?ský n?ž /K-220/ 10ks v balení', 'nahradni-cepele-pro-obalarsky-nuz-k-220-10ks-v-baleni', 'https://www.eobaly.cz/nahradni-cepele-pro-obalarsky-nuz-k-220-10ks-v-baleni.htm', 8),
  (1845, 'Balicí st?l - individuální - XN BP 001', 'balici-pracoviste-individualni', 'https://www.eobaly.cz/balici-pracoviste-individualni.htm', 8),
  (1847, 'Stojan na role VERTIKÁLNÍ', 'stojan-na-role-vertikalni', 'https://www.eobaly.cz/stojan-na-role-vertikalni.htm', 8),
  (1849, '?eza?ka stojanová 1000mm vodorovná', 'rezacka-stojanova-1000mm-vodorovna', 'https://www.eobaly.cz/rezacka-stojanova-1000mm-vodorovna.htm', 8),
  (1851, '?eza?ka stojanová 1000mm vertikální', 'rezacka-stojanova-1000mm', 'https://www.eobaly.cz/rezacka-stojanova-1000mm.htm', 8),
  (1853, '?eza?ka stojanová 1250 mm vertikální', 'rezacka-stojanova-1250-mm-vertikalni', 'https://www.eobaly.cz/rezacka-stojanova-1250-mm-vertikalni.htm', 8),
  (1855, '?eza?ka stojanová 1250mm vodorovná', 'rezacka-stojanova-1250mm-vodorovna',
   'https://www.eobaly.cz/rezacka-stojanova-1250mm-vodorovna.htm', 8);
/*!40000 ALTER TABLE `product`
  ENABLE KEYS */;
UNLOCK TABLES;

--
-- Table structure for table `product_category`
--

DROP TABLE IF EXISTS `product_category`;
/*!40101 SET @saved_cs_client = @@character_set_client */;
/*!40101 SET character_set_client = utf8 */;
CREATE TABLE `product_category` (
  `id`   INT(11)      NOT NULL,
  `name` VARCHAR(255) NOT NULL,
  `url`  VARCHAR(255) DEFAULT NULL,
  PRIMARY KEY (`id`),
  UNIQUE KEY `UK_9qvug0bmpkmxkkx33q51m7do7` (`name`)
)
  ENGINE = MyISAM
  DEFAULT CHARSET = latin1;
/*!40101 SET character_set_client = @saved_cs_client */;

--
-- Dumping data for table `product_category`
--

LOCK TABLES `product_category` WRITE;
/*!40000 ALTER TABLE `product_category`
  DISABLE KEYS */;
INSERT INTO `product_category` VALUES (1, 'kartonove-krabice', '/produkty/kartonove-krabice.htm'),
  (2, 'prepravni-boxy-a-vika', '/produkty/prepravni-boxy-a-vika.htm'),
  (3, 'obalky-a-postovni-obaly', '/produkty/obalky-a-postovni-obaly.htm'),
  (4, 'fixacni-materialy-a-systemy', '/produkty/fixacni-materialy-a-systemy.htm'),
  (5, 'ochranne-hrany-a-rohy', '/produkty/ochranne-hrany-a-rohy.htm'),
  (6, 'obalove-materialy-v-roli', '/produkty/obalove-materialy-v-roli.htm'),
  (7, 'sacky-a-pytle', '/produkty/sacky-a-pytle.htm'), (8, 'spojovani-a-baleni', '/produkty/spojovani-a-baleni.htm'),
  (9, 'exportni-baleni', '/produkty/exportni-baleni.htm'), (10, 'palety', '/produkty/palety.htm'),
  (11, 'civky', '/produkty/civky.htm');
/*!40000 ALTER TABLE `product_category`
  ENABLE KEYS */;
UNLOCK TABLES;

--
-- Table structure for table `product_details`
--

DROP TABLE IF EXISTS `product_details`;
/*!40101 SET @saved_cs_client = @@character_set_client */;
/*!40101 SET character_set_client = utf8 */;
CREATE TABLE `product_details` (
  `id`             INT(11) NOT NULL,
  `amount`         VARCHAR(255) DEFAULT NULL,
  `average_price`  INT(11) NOT NULL,
  `price_per_item` DOUBLE  NOT NULL,
  `product_count`  VARCHAR(255) DEFAULT NULL,
  `timestamp`      DATE         DEFAULT NULL,
  `product_id`     INT(11)      DEFAULT NULL,
  PRIMARY KEY (`id`),
  KEY `FKrhahp4f26x99lqf0kybcs79rb` (`product_id`)
)
  ENGINE = MyISAM
  DEFAULT CHARSET = latin1;
/*!40101 SET character_set_client = @saved_cs_client */;

--
-- Dumping data for table `product_details`
--

LOCK TABLES `product_details` WRITE;
/*!40000 ALTER TABLE `product_details`
  DISABLE KEYS */;
INSERT INTO `product_details`
VALUES (12, '', -1, 0, '', '2018-04-27', NULL), (14, '', -1, 0, '1014', '2018-04-27', NULL),
  (16, '', -1, 0, '1279', '2018-04-27', NULL), (18, '', -1, 0, '280', '2018-04-27', NULL),
  (20, '', -1, 0, '1075', '2018-04-27', NULL), (22, '', -1, 0, '699', '2018-04-27', NULL),
  (24, '', -1, 0, '1489', '2018-04-27', NULL), (26, '', -1, 0, '103', '2018-04-27', NULL),
  (28, '', -1, 0, '384', '2018-04-27', NULL), (30, '', -1, 0, '259', '2018-04-27', NULL),
  (32, '', -1, 0, '', '2018-04-27', NULL), (34, '', -1, 0, '475', '2018-04-27', NULL),
  (36, '', -1, 0, '704', '2018-04-27', NULL), (38, '', -1, 0, '204', '2018-04-27', NULL),
  (40, '', -1, 0, '69', '2018-04-27', NULL), (42, '', -1, 0, '10', '2018-04-27', NULL),
  (44, '', -1, 0, '295', '2018-04-27', NULL), (46, '', -1, 0, '940', '2018-04-27', NULL),
  (48, '', -1, 0, '10580', '2018-04-27', NULL), (50, '', -1, 0, '136', '2018-04-27', NULL),
  (52, '', -1, 0, '2368', '2018-04-27', NULL), (54, '', -1, 0, '342kg', '2018-04-27', NULL),
  (56, '', -1, 0, '15', '2018-04-27', NULL), (58, '', -1, 0, '13', '2018-04-27', NULL),
  (60, '', -1, 0, '1798', '2018-04-27', NULL), (62, '', -1, 0, '910', '2018-04-27', NULL),
  (64, '', -1, 0, '340', '2018-04-27', NULL), (66, '', -1, 0, '2479', '2018-04-27', NULL),
  (68, '', -1, 0, '', '2018-04-27', NULL), (70, '', -1, 0, '138', '2018-04-27', NULL),
  (72, '', -1, 0, '22', '2018-04-27', NULL), (74, '', -1, 0, '10', '2018-04-27', NULL),
  (76, '', -1, 0, '32', '2018-04-27', NULL), (78, '', -1, 0, '509', '2018-04-27', NULL),
  (80, '', -1, 0, '198', '2018-04-27', NULL), (82, '', -1, 0, '993', '2018-04-27', NULL),
  (84, '', -1, 0, '325', '2018-04-27', NULL), (86, '', -1, 0, '244', '2018-04-27', NULL),
  (88, '', -1, 0, '377', '2018-04-27', NULL), (90, '', -1, 0, '7150', '2018-04-27', NULL),
  (92, '', -1, 0, '183', '2018-04-27', NULL), (94, '', -1, 0, '', '2018-04-27', NULL),
  (96, '', -1, 0, '52', '2018-04-27', NULL), (98, '', -1, 0, '6602', '2018-04-27', NULL),
  (100, '', -1, 0, '56', '2018-04-27', NULL), (102, '', -1, 0, '5659', '2018-04-27', NULL),
  (104, '', -1, 0, '1851', '2018-04-27', NULL), (106, '', -1, 0, '5', '2018-04-27', NULL),
  (108, '', -1, 0, '3150', '2018-04-27', NULL), (110, '', -1, 0, '5', '2018-04-27', NULL),
  (112, '', -1, 0, '6591', '2018-04-27', NULL), (114, '', -1, 0, '', '2018-04-27', NULL),
  (116, '', -1, 0, '299', '2018-04-27', NULL), (118, '', -1, 0, '5872', '2018-04-27', NULL),
  (120, '', -1, 0, '17300', '2018-04-27', NULL), (122, '', -1, 0, '2817', '2018-04-27', NULL),
  (124, '', -1, 0, '2538', '2018-04-27', NULL), (126, '', -1, 0, '656', '2018-04-27', NULL),
  (128, '', -1, 0, '3', '2018-04-27', NULL), (130, '', -1, 0, '4785', '2018-04-27', NULL),
  (132, '', -1, 0, '17', '2018-04-27', NULL), (134, '', -1, 0, '3454', '2018-04-27', NULL),
  (136, '', -1, 0, '4', '2018-04-27', NULL), (138, '', -1, 0, '3990', '2018-04-27', NULL),
  (140, '', -1, 0, '1651', '2018-04-27', NULL), (142, '', -1, 0, '3972', '2018-04-27', NULL),
  (144, '', -1, 0, '981', '2018-04-27', NULL), (146, '', -1, 0, '7518', '2018-04-27', NULL),
  (148, '', -1, 0, '224', '2018-04-27', NULL), (150, '', -1, 0, '27172', '2018-04-27', NULL),
  (152, '', -1, 0, '513', '2018-04-27', NULL), (154, '', -1, 0, '1646', '2018-04-27', NULL),
  (156, '', -1, 0, '257', '2018-04-27', NULL), (158, '', -1, 0, '4690', '2018-04-27', NULL),
  (160, '', -1, 0, '2413', '2018-04-27', NULL), (162, '', -1, 0, '1818', '2018-04-27', NULL),
  (164, '', -1, 0, '1961', '2018-04-27', NULL), (166, '', -1, 0, '820', '2018-04-27', NULL),
  (168, '', -1, 0, '1324', '2018-04-27', NULL), (170, '', -1, 0, '26400', '2018-04-27', NULL),
  (172, '', -1, 0, '9800', '2018-04-27', NULL), (174, '', -1, 0, '4077', '2018-04-27', NULL),
  (176, '', -1, 0, '359', '2018-04-27', NULL), (178, '', -1, 0, '5090', '2018-04-27', NULL),
  (180, '', -1, 0, '1584', '2018-04-27', NULL), (182, '', -1, 0, '150', '2018-04-27', NULL),
  (184, '', -1, 0, '321', '2018-04-27', NULL), (186, '', -1, 0, '238', '2018-04-27', NULL),
  (188, '', -1, 0, '186', '2018-04-27', NULL), (190, '', -1, 0, '129', '2018-04-27', NULL),
  (192, '', -1, 0, '2116', '2018-04-27', NULL), (194, '', -1, 0, '', '2018-04-27', NULL),
  (196, '', -1, 0, '470', '2018-04-27', NULL), (198, '', -1, 0, '4993', '2018-04-27', NULL),
  (200, '', -1, 0, '195', '2018-04-27', NULL), (202, '', -1, 0, '', '2018-04-27', NULL),
  (204, '', -1, 0, '180', '2018-04-27', NULL), (206, '', -1, 0, '476', '2018-04-27', NULL),
  (208, '', -1, 0, '1161', '2018-04-27', NULL), (210, '', -1, 0, '3', '2018-04-27', NULL),
  (212, '', -1, 0, '1', '2018-04-27', NULL), (214, '', -1, 0, '545', '2018-04-27', NULL),
  (216, '', -1, 0, '22role', '2018-04-27', NULL), (218, '', -1, 0, '21role', '2018-04-27', NULL),
  (220, '', -1, 0, '19role', '2018-04-27', NULL), (222, '', -1, 0, '14role', '2018-04-27', NULL),
  (224, '', -1, 0, '17role', '2018-04-27', NULL), (226, '', -1, 0, '3role', '2018-04-27', NULL),
  (228, '', -1, 0, '8role', '2018-04-27', NULL), (230, '', -1, 0, '1BAL', '2018-04-27', NULL),
  (232, '', -1, 0, '940', '2018-04-27', NULL), (234, '', -1, 0, '1070BAL', '2018-04-27', NULL),
  (236, '', -1, 0, '10580', '2018-04-27', NULL), (238, '', -1, 0, '660BAL', '2018-04-27', NULL),
  (240, '', -1, 0, '2479', '2018-04-27', NULL), (242, '', -1, 0, '1415BAL', '2018-04-27', NULL),
  (244, '', -1, 0, '2368', '2018-04-27', NULL), (246, '', -1, 0, '814BAL', '2018-04-27', NULL),
  (248, '', -1, 0, '138', '2018-04-27', NULL), (250, '', -1, 0, '30role', '2018-04-27', NULL),
  (252, '', -1, 0, '248BAL', '2018-04-27', NULL), (254, '', -1, 0, '56role', '2018-04-27', NULL),
  (256, '', -1, 0, '1640BAL', '2018-04-27', NULL), (258, '', -1, 0, '183role', '2018-04-27', NULL),
  (260, '', -1, 0, '4role', '2018-04-27', NULL), (262, '', -1, 0, '608BAL', '2018-04-27', NULL),
  (264, '', -1, 0, '486BAL', '2018-04-27', NULL), (266, '', -1, 0, '16role', '2018-04-27', NULL),
  (268, '', -1, 0, '526BAL', '2018-04-27', NULL), (270, '', -1, 0, '86role', '2018-04-27', NULL),
  (272, '', -1, 0, '165BAL', '2018-04-27', NULL), (274, '', -1, 0, '', '2018-04-27', NULL),
  (276, '', -1, 0, '106BAL', '2018-04-27', NULL), (278, '', -1, 0, '', '2018-04-27', NULL),
  (280, '', -1, 0, '87BAL', '2018-04-27', NULL), (282, '', -1, 0, '11role', '2018-04-27', NULL),
  (284, '', -1, 0, '97BAL', '2018-04-27', NULL), (286, '', -1, 0, '11role', '2018-04-27', NULL),
  (288, '', -1, 0, '280BAL', '2018-04-27', NULL), (290, '', -1, 0, '2role', '2018-04-27', NULL),
  (292, '', -1, 0, '68BAL', '2018-04-27', NULL), (294, '', -1, 0, '50000', '2018-04-27', NULL),
  (296, '', -1, 0, '93BAL', '2018-04-27', NULL), (298, '', -1, 0, '9000', '2018-04-27', NULL),
  (300, '', -1, 0, '7role', '2018-04-27', NULL), (302, '', -1, 0, '167BAL', '2018-04-27', NULL),
  (304, '', -1, 0, '22role', '2018-04-27', NULL), (305, '', -1, 0, '194BAL', '2018-04-27', NULL),
  (308, '', -1, 0, '21role', '2018-04-27', NULL), (310, '', -1, 0, '127BAL', '2018-04-27', NULL),
  (312, '', -1, 0, '36role', '2018-04-27', NULL), (313, '', -1, 0, '107BAL', '2018-04-27', NULL),
  (316, '', -1, 0, '4role', '2018-04-27', NULL), (318, '', -1, 0, '80BAL', '2018-04-27', NULL),
  (320, '', -1, 0, '', '2018-04-27', NULL), (322, '', -1, 0, '12BAL', '2018-04-27', NULL),
  (324, '', -1, 0, '', '2018-04-27', NULL), (326, '', -1, 0, '53BAL', '2018-04-27', NULL),
  (328, '', -1, 0, '22role', '2018-04-27', NULL), (330, '', -1, 0, '182BAL', '2018-04-27', NULL),
  (332, '', -1, 0, '6role', '2018-04-27', NULL), (334, '', -1, 0, '198BAL', '2018-04-27', NULL),
  (336, '', -1, 0, '11', '2018-04-27', NULL), (338, '', -1, 0, '10BAL', '2018-04-27', NULL),
  (340, '', -1, 0, '10role', '2018-04-27', NULL), (342, '', -1, 0, '41BAL', '2018-04-27', NULL),
  (344, '', -1, 0, '16role', '2018-04-27', NULL), (346, '', -1, 0, '11BAL', '2018-04-27', NULL),
  (348, '', -1, 0, '', '2018-04-27', NULL), (350, '', -1, 0, '2BAL', '2018-04-27', NULL),
  (352, '', -1, 0, '8role', '2018-04-27', NULL), (354, '', -1, 0, '43BAL', '2018-04-27', NULL),
  (356, '', -1, 0, '12role', '2018-04-27', NULL), (358, '', -1, 0, '2BAL', '2018-04-27', NULL),
  (360, '', -1, 0, '300', '2018-04-27', NULL), (362, '', -1, 0, '8BAL', '2018-04-27', NULL),
  (364, '', -1, 0, '90kg', '2018-04-27', NULL), (366, '', -1, 0, '187BAL', '2018-04-27', NULL),
  (368, '', -1, 0, '4role', '2018-04-27', NULL), (370, '', -1, 0, '80BAL', '2018-04-27', NULL),
  (372, '', -1, 0, '3role', '2018-04-27', NULL), (374, '', -1, 0, '74BAL', '2018-04-27', NULL),
  (376, '', -1, 0, '8role', '2018-04-27', NULL), (378, '', -1, 0, '32BAL', '2018-04-27', NULL),
  (380, '', -1, 0, '371kg', '2018-04-27', NULL), (382, '', -1, 0, '', '2018-04-27', NULL),
  (384, '', -1, 0, '3role', '2018-04-27', NULL), (386, '', -1, 0, '54BAL', '2018-04-27', NULL),
  (388, '', -1, 0, '34BAL', '2018-04-27', NULL), (390, '', -1, 0, '3role', '2018-04-27', NULL),
  (392, '', -1, 0, '14role', '2018-04-27', NULL), (394, '', -1, 0, '40BAL', '2018-04-27', NULL),
  (396, '', -1, 0, '1108', '2018-04-27', NULL), (398, '', -1, 0, '63BAL', '2018-04-27', NULL),
  (400, '', -1, 0, '10role', '2018-04-27', NULL), (402, '', -1, 0, '22', '2018-04-27', NULL),
  (404, '', -1, 0, '19BAL', '2018-04-27', NULL), (406, '', -1, 0, '4role', '2018-04-27', NULL),
  (408, '', -1, 0, '58', '2018-04-27', NULL), (410, '', -1, 0, '60kg', '2018-04-27', NULL),
  (412, '', -1, 0, '15BAL', '2018-04-27', NULL), (414, '', -1, 0, '18', '2018-04-27', NULL),
  (416, '', -1, 0, '11', '2018-04-27', NULL), (418, '', -1, 0, '39BAL', '2018-04-27', NULL),
  (420, '', -1, 0, '4role', '2018-04-27', NULL), (422, '', -1, 0, '10role', '2018-04-27', NULL),
  (424, '', -1, 0, '12BAL', '2018-04-27', NULL), (426, '', -1, 0, '532', '2018-04-27', NULL),
  (428, '', -1, 0, '247', '2018-04-27', NULL), (430, '', -1, 0, '', '2018-04-27', NULL),
  (432, '', -1, 0, '3role', '2018-04-27', NULL), (434, '', -1, 0, '615', '2018-04-27', NULL),
  (436, '', -1, 0, '', '2018-04-27', NULL), (438, '', -1, 0, '2role', '2018-04-27', NULL),
  (440, '', -1, 0, '250', '2018-04-27', NULL), (442, '', -1, 0, '242', '2018-04-27', NULL),
  (444, '', -1, 0, '3role', '2018-04-27', NULL), (446, '', -1, 0, '4role', '2018-04-27', NULL),
  (448, '', -1, 0, '40', '2018-04-27', NULL), (450, '', -1, 0, '850', '2018-04-27', NULL),
  (452, '', -1, 0, '35role', '2018-04-27', NULL), (454, '', -1, 0, '39role', '2018-04-27', NULL),
  (456, '', -1, 0, '480', '2018-04-27', NULL), (458, '', -1, 0, '8tks', '2018-04-27', NULL),
  (460, '', -1, 0, '', '2018-04-27', NULL), (462, '', -1, 0, '3role', '2018-04-27', NULL),
  (464, '', -1, 0, '', '2018-04-27', NULL), (466, '', -1, 0, '4376', '2018-04-27', NULL),
  (468, '', -1, 0, '317', '2018-04-27', NULL), (470, '', -1, 0, '11518', '2018-04-27', NULL),
  (472, '', -1, 0, '60role', '2018-04-27', NULL), (474, '', -1, 0, '3', '2018-04-27', NULL),
  (476, '', -1, 0, '326', '2018-04-27', NULL), (478, '', -1, 0, '22tks', '2018-04-27', NULL),
  (480, '', -1, 0, '234', '2018-04-27', NULL), (481, '', -1, 0, '29role', '2018-04-27', NULL),
  (484, '', -1, 0, '2321', '2018-04-27', NULL), (486, '', -1, 0, '34800', '2018-04-27', NULL),
  (488, '', -1, 0, '327', '2018-04-27', NULL), (490, '', -1, 0, '', '2018-04-27', NULL),
  (492, '', -1, 0, '17role', '2018-04-27', NULL), (494, '', -1, 0, '37role', '2018-04-27', NULL),
  (496, '', -1, 0, '359', '2018-04-27', NULL), (498, '', -1, 0, '1110', '2018-04-27', NULL),
  (500, '', -1, 0, '10role', '2018-04-27', NULL), (502, '', -1, 0, '13', '2018-04-27', NULL),
  (504, '', -1, 0, '45role', '2018-04-27', NULL), (506, '', -1, 0, '', '2018-04-27', NULL),
  (508, '', -1, 0, '336', '2018-04-27', NULL), (510, '', -1, 0, '168', '2018-04-27', NULL),
  (512, '', -1, 0, '4', '2018-04-27', NULL), (514, '', -1, 0, '97', '2018-04-27', NULL),
  (516, '', -1, 0, '396', '2018-04-27', NULL), (518, '', -1, 0, '236', '2018-04-27', NULL),
  (520, '', -1, 0, '131', '2018-04-27', NULL), (522, '', -1, 0, '150', '2018-04-27', NULL),
  (524, '', -1, 0, '349', '2018-04-27', NULL), (526, '', -1, 0, '20', '2018-04-27', NULL),
  (528, '', -1, 0, '309', '2018-04-27', NULL), (530, '', -1, 0, '107', '2018-04-27', NULL),
  (532, '', -1, 0, '2070', '2018-04-27', NULL), (534, '', -1, 0, '3', '2018-04-27', NULL),
  (536, '', -1, 0, '319', '2018-04-27', NULL), (538, '', -1, 0, '1666', '2018-04-27', NULL),
  (539, '', -1, 0, '15', '2018-04-27', NULL), (542, '', -1, 0, '70', '2018-04-27', NULL),
  (544, '', -1, 0, '293', '2018-04-27', NULL), (546, '', -1, 0, '230', '2018-04-27', NULL),
  (548, '', -1, 0, '516', '2018-04-27', NULL), (550, '', -1, 0, '28', '2018-04-27', NULL),
  (552, '', -1, 0, '310', '2018-04-27', NULL), (554, '', -1, 0, '163', '2018-04-27', NULL),
  (556, '', -1, 0, '423', '2018-04-27', NULL), (558, '', -1, 0, '183', '2018-04-27', NULL),
  (560, '', -1, 0, '401', '2018-04-27', NULL), (562, '', -1, 0, '9role', '2018-04-27', NULL),
  (563, '', -1, 0, '179', '2018-04-27', NULL), (566, '', -1, 0, '33BAL', '2018-04-27', NULL),
  (568, '', -1, 0, '1760', '2018-04-27', NULL), (570, '', -1, 0, '3', '2018-04-27', NULL),
  (572, '', -1, 0, '93BAL', '2018-04-27', NULL), (574, '', -1, 0, '51', '2018-04-27', NULL),
  (576, '', -1, 0, '14', '2018-04-27', NULL), (578, '', -1, 0, '3BAL', '2018-04-27', NULL),
  (580, '', -1, 0, '13', '2018-04-27', NULL), (582, '', -1, 0, '188', '2018-04-27', NULL),
  (584, '', -1, 0, '14BAL', '2018-04-27', NULL), (586, '', -1, 0, '56BAL', '2018-04-27', NULL),
  (587, '', -1, 0, '', '2018-04-27', NULL), (590, '', -1, 0, '', '2018-04-27', NULL),
  (592, '', -1, 0, '262SET', '2018-04-27', NULL), (594, '', -1, 0, '38BAL', '2018-04-27', NULL),
  (596, '', -1, 0, '91BAL', '2018-04-27', NULL), (598, '', -1, 0, '12BAL', '2018-04-27', NULL),
  (600, '', -1, 0, '800', '2018-04-27', NULL), (602, '', -1, 0, '52BAL', '2018-04-27', NULL),
  (604, '', -1, 0, '21BAL', '2018-04-27', NULL), (606, '', -1, 0, '286kg', '2018-04-27', NULL),
  (608, '', -1, 0, '4', '2018-04-27', NULL), (610, '', -1, 0, '11BAL', '2018-04-27', NULL),
  (612, '', -1, 0, '185kg', '2018-04-27', NULL), (614, '', -1, 0, '1349', '2018-04-27', NULL),
  (616, '', -1, 0, '7BAL', '2018-04-27', NULL), (618, '', -1, 0, '3815', '2018-04-27', NULL),
  (620, '', -1, 0, '448', '2018-04-27', NULL), (622, '', -1, 0, '4BAL', '2018-04-27', NULL),
  (624, '', -1, 0, '2940', '2018-04-27', NULL), (626, '', -1, 0, '1020', '2018-04-27', NULL),
  (628, '', -1, 0, '370', '2018-04-27', NULL), (630, '', -1, 0, '8840', '2018-04-27', NULL),
  (632, '', -1, 0, '500', '2018-04-27', NULL), (634, '', -1, 0, '11850', '2018-04-27', NULL),
  (636, '', -1, 0, '7000', '2018-04-27', NULL), (638, '', -1, 0, '807', '2018-04-27', NULL),
  (640, '', -1, 0, '4935', '2018-04-27', NULL), (642, '', -1, 0, '5010', '2018-04-27', NULL),
  (644, '', -1, 0, '320', '2018-04-27', NULL), (646, '', -1, 0, '10000', '2018-04-27', NULL),
  (648, '', -1, 0, '5000', '2018-04-27', NULL), (650, '', -1, 0, '42500', '2018-04-27', NULL),
  (652, '', -1, 0, '20560', '2018-04-27', NULL), (654, '', -1, 0, '111BAL', '2018-04-27', NULL),
  (656, '', -1, 0, '164BAL', '2018-04-27', NULL), (658, '', -1, 0, '33BAL', '2018-04-27', NULL),
  (660, '', -1, 0, '44BAL', '2018-04-27', NULL), (662, '', -1, 0, '', '2018-04-27', NULL),
  (664, '', -1, 0, '48BAL', '2018-04-27', NULL), (666, '', -1, 0, '25BAL', '2018-04-27', NULL),
  (668, '', -1, 0, '31BAL', '2018-04-27', NULL), (670, '', -1, 0, '9BAL', '2018-04-27', NULL),
  (672, '', -1, 0, '16BAL', '2018-04-27', NULL), (674, '', -1, 0, '22BAL', '2018-04-27', NULL),
  (676, '', -1, 0, '20BAL', '2018-04-27', NULL), (678, '', -1, 0, '5BAL', '2018-04-27', NULL),
  (680, '', -1, 0, '15BAL', '2018-04-27', NULL), (682, '', -1, 0, '22BAL', '2018-04-27', NULL),
  (684, '', -1, 0, '51BAL', '2018-04-27', NULL), (686, '', -1, 0, '27BAL', '2018-04-27', NULL),
  (688, '', -1, 0, '30BAL', '2018-04-27', NULL), (690, '', -1, 0, '21BAL', '2018-04-27', NULL),
  (692, '', -1, 0, '26BAL', '2018-04-27', NULL), (694, '', -1, 0, '14BAL', '2018-04-27', NULL),
  (696, '', -1, 0, '30BAL', '2018-04-27', NULL), (698, '', -1, 0, '276BAL', '2018-04-27', NULL),
  (700, '', -1, 0, '793BAL', '2018-04-27', NULL), (702, '', -1, 0, '75BAL', '2018-04-27', NULL),
  (704, '', -1, 0, '554BAL', '2018-04-27', NULL), (706, '', -1, 0, '5BAL', '2018-04-27', NULL),
  (708, '', -1, 0, '23BAL', '2018-04-27', NULL), (710, '', -1, 0, '16BAL', '2018-04-27', NULL),
  (712, '', -1, 0, '26BAL', '2018-04-27', NULL), (714, '', -1, 0, '24BAL', '2018-04-27', NULL),
  (716, '', -1, 0, '20BAL', '2018-04-27', NULL), (718, '', -1, 0, '15BAL', '2018-04-27', NULL),
  (720, '', -1, 0, '15BAL', '2018-04-27', NULL), (722, '', -1, 0, '8BAL', '2018-04-27', NULL),
  (724, '', -1, 0, '22BAL', '2018-04-27', NULL), (726, '', -1, 0, '15BAL', '2018-04-27', NULL),
  (728, '', -1, 0, '9BAL', '2018-04-27', NULL), (730, '', -1, 0, '4BAL', '2018-04-27', NULL),
  (732, '', -1, 0, '54BAL', '2018-04-27', NULL), (734, '', -1, 0, '40BAL', '2018-04-27', NULL),
  (736, '', -1, 0, '45BAL', '2018-04-27', NULL), (738, '', -1, 0, '67BAL', '2018-04-27', NULL),
  (740, '', -1, 0, '', '2018-04-27', NULL), (742, '', -1, 0, '4BAL', '2018-04-27', NULL),
  (744, '', -1, 0, '5000', '2018-04-27', NULL), (746, '', -1, 0, '19078', '2018-04-27', NULL),
  (748, '', -1, 0, '44238', '2018-04-27', NULL), (750, '', -1, 0, '27679', '2018-04-27', NULL),
  (752, '', -1, 0, '21790', '2018-04-27', NULL), (754, '', -1, 0, '24589', '2018-04-27', NULL),
  (756, '', -1, 0, '377', '2018-04-27', NULL), (758, '', -1, 0, '4615', '2018-04-27', NULL),
  (760, '', -1, 0, '8520', '2018-04-27', NULL), (762, '', -1, 0, '5137', '2018-04-27', NULL),
  (764, '', -1, 0, '2371', '2018-04-27', NULL), (766, '', -1, 0, '2096', '2018-04-27', NULL),
  (768, '', -1, 0, '6165', '2018-04-27', NULL), (770, '', -1, 0, '3603', '2018-04-27', NULL),
  (772, '', -1, 0, '698', '2018-04-27', NULL), (774, '', -1, 0, '2986', '2018-04-27', NULL),
  (776, '', -1, 0, '5385', '2018-04-27', NULL), (778, '', -1, 0, '1704', '2018-04-27', NULL),
  (780, '', -1, 0, '855', '2018-04-27', NULL), (782, '', -1, 0, '5810', '2018-04-27', NULL),
  (784, '', -1, 0, '2655', '2018-04-27', NULL), (786, '', -1, 0, '2902', '2018-04-27', NULL),
  (788, '', -1, 0, '723', '2018-04-27', NULL), (790, '', -1, 0, '1648', '2018-04-27', NULL),
  (792, '', -1, 0, '1121', '2018-04-27', NULL), (794, '', -1, 0, '588', '2018-04-27', NULL),
  (796, '', -1, 0, '822', '2018-04-27', NULL), (798, '', -1, 0, '3972', '2018-04-27', NULL),
  (800, '', -1, 0, '4BAL', '2018-04-27', NULL), (802, '', -1, 0, '29BAL', '2018-04-27', NULL),
  (804, '', -1, 0, '5BAL', '2018-04-27', NULL), (806, '', -1, 0, '4BAL', '2018-04-27', NULL),
  (808, '', -1, 0, '5BAL', '2018-04-27', NULL), (810, '', -1, 0, '8BAL', '2018-04-27', NULL),
  (812, '', -1, 0, '8BAL', '2018-04-27', NULL), (814, '', -1, 0, '176BAL', '2018-04-27', NULL),
  (816, '', -1, 0, '73BAL', '2018-04-27', NULL), (818, '', -1, 0, '12BAL', '2018-04-27', NULL),
  (820, '', -1, 0, '39BAL', '2018-04-27', NULL), (822, '', -1, 0, '40BAL', '2018-04-27', NULL),
  (824, '', -1, 0, '903', '2018-04-27', NULL), (826, '', -1, 0, '4945', '2018-04-27', NULL),
  (828, '', -1, 0, '4659', '2018-04-27', NULL), (830, '', -1, 0, '944', '2018-04-27', NULL),
  (832, '', -1, 0, '1121', '2018-04-27', NULL), (834, '', -1, 0, '27789', '2018-04-27', NULL),
  (836, '', -1, 0, '2016', '2018-04-27', NULL), (838, '', -1, 0, '19078', '2018-04-27', NULL),
  (840, '', -1, 0, '1229', '2018-04-27', NULL), (842, '', -1, 0, '980', '2018-04-27', NULL),
  (844, '', -1, 0, '3980', '2018-04-27', NULL), (846, '', -1, 0, '175', '2018-04-27', NULL),
  (848, '', -1, 0, '44238', '2018-04-27', NULL), (850, '', -1, 0, '326', '2018-04-27', NULL),
  (852, '', -1, 0, '6588', '2018-04-27', NULL), (854, '', -1, 0, '4958', '2018-04-27', NULL),
  (856, '', -1, 0, '1404Ks', '2018-04-27', NULL), (858, '', -1, 0, '1974', '2018-04-27', NULL),
  (860, '', -1, 0, '1880Ks', '2018-04-27', NULL), (862, '', -1, 0, '27679', '2018-04-27', NULL),
  (864, '', -1, 0, '342Ks', '2018-04-27', NULL), (866, '', -1, 0, '8489', '2018-04-27', NULL),
  (868, '', -1, 0, '323Ks', '2018-04-27', NULL), (870, '', -1, 0, '21790', '2018-04-27', NULL),
  (872, '', -1, 0, '1874Ks', '2018-04-27', NULL), (874, '', -1, 0, '14820', '2018-04-27', NULL),
  (876, '', -1, 0, '625Ks', '2018-04-27', NULL), (878, '', -1, 0, '5613', '2018-04-27', NULL),
  (880, '', -1, 0, '8BAL', '2018-04-27', NULL), (882, '', -1, 0, '809', '2018-04-27', NULL),
  (884, '', -1, 0, '170', '2018-04-27', NULL), (886, '', -1, 0, '2804', '2018-04-27', NULL),
  (888, '', -1, 0, '167', '2018-04-27', NULL), (890, '', -1, 0, '3570', '2018-04-27', NULL),
  (892, '', -1, 0, '920', '2018-04-27', NULL), (894, '', -1, 0, '3055', '2018-04-27', NULL),
  (896, '', -1, 0, '348', '2018-04-27', NULL), (898, '', -1, 0, '33951', '2018-04-27', NULL),
  (900, '', -1, 0, '274', '2018-04-27', NULL), (902, '', -1, 0, '8415', '2018-04-27', NULL),
  (904, '', -1, 0, '77', '2018-04-27', NULL), (906, '', -1, 0, '9908', '2018-04-27', NULL),
  (908, '', -1, 0, '348', '2018-04-27', NULL), (910, '', -1, 0, '6540', '2018-04-27', NULL),
  (912, '', -1, 0, '497', '2018-04-27', NULL), (914, '', -1, 0, '24589', '2018-04-27', NULL),
  (916, '', -1, 0, '1774', '2018-04-27', NULL), (918, '', -1, 0, '5459', '2018-04-27', NULL),
  (920, '', -1, 0, '1458', '2018-04-27', NULL), (922, '', -1, 0, '1872', '2018-04-27', NULL),
  (924, '', -1, 0, '1686', '2018-04-27', NULL), (926, '', -1, 0, '2271', '2018-04-27', NULL),
  (928, '', -1, 0, '824', '2018-04-27', NULL), (930, '', -1, 0, '1396', '2018-04-27', NULL),
  (932, '', -1, 0, '1759', '2018-04-27', NULL), (934, '', -1, 0, '942', '2018-04-27', NULL),
  (936, '', -1, 0, '5716', '2018-04-27', NULL), (938, '', -1, 0, '932', '2018-04-27', NULL),
  (940, '', -1, 0, '1080', '2018-04-27', NULL), (942, '', -1, 0, '954', '2018-04-27', NULL),
  (944, '', -1, 0, '3814', '2018-04-27', NULL), (946, '', -1, 0, '727', '2018-04-27', NULL),
  (948, '', -1, 0, '719', '2018-04-27', NULL), (950, '', -1, 0, '856', '2018-04-27', NULL),
  (952, '', -1, 0, '1560', '2018-04-27', NULL), (954, '', -1, 0, '1278', '2018-04-27', NULL),
  (956, '', -1, 0, '655', '2018-04-27', NULL), (958, '', -1, 0, '962', '2018-04-27', NULL),
  (960, '', -1, 0, '983', '2018-04-27', NULL), (962, '', -1, 0, '1025', '2018-04-27', NULL),
  (964, '', -1, 0, '4105', '2018-04-27', NULL), (966, '', -1, 0, '9BAL', '2018-04-27', NULL),
  (968, '', -1, 0, '3114', '2018-04-27', NULL), (970, '', -1, 0, '102BAL', '2018-04-27', NULL),
  (972, '', -1, 0, '1518', '2018-04-27', NULL), (974, '', -1, 0, '140BAL', '2018-04-27', NULL),
  (976, '', -1, 0, '4490', '2018-04-27', NULL), (978, '', -1, 0, '17BAL', '2018-04-27', NULL),
  (980, '', -1, 0, '2969', '2018-04-27', NULL), (982, '', -1, 0, '580BAL', '2018-04-27', NULL),
  (984, '', -1, 0, '', '2018-04-27', NULL), (986, '', -1, 0, '860BAL', '2018-04-27', NULL),
  (988, '', -1, 0, '1216', '2018-04-27', NULL), (990, '', -1, 0, '68BAL', '2018-04-27', NULL),
  (992, '', -1, 0, '265', '2018-04-27', NULL), (994, '', -1, 0, '1031BAL', '2018-04-27', NULL),
  (996, '', -1, 0, '545BAL', '2018-04-27', NULL), (998, '', -1, 0, '3755', '2018-04-27', NULL),
  (1000, '', -1, 0, '203BAL', '2018-04-27', NULL), (1002, '', -1, 0, '815', '2018-04-27', NULL),
  (1004, '', -1, 0, '70BAL', '2018-04-27', NULL), (1006, '', -1, 0, '2257', '2018-04-27', NULL),
  (1008, '', -1, 0, '39BAL', '2018-04-27', NULL), (1010, '', -1, 0, '8548', '2018-04-27', NULL),
  (1012, '', -1, 0, '12BAL', '2018-04-27', NULL), (1014, '', -1, 0, '5272', '2018-04-27', NULL),
  (1016, '', -1, 0, '166BAL', '2018-04-27', NULL), (1018, '', -1, 0, '3494', '2018-04-27', NULL),
  (1020, '', -1, 0, '33BAL', '2018-04-27', NULL), (1022, '', -1, 0, '571', '2018-04-27', NULL),
  (1024, '', -1, 0, '35BAL', '2018-04-27', NULL), (1026, '', -1, 0, '2376', '2018-04-27', NULL),
  (1028, '', -1, 0, '3353', '2018-04-27', NULL), (1030, '', -1, 0, '21BAL', '2018-04-27', NULL),
  (1032, '', -1, 0, '3367', '2018-04-27', NULL), (1034, '', -1, 0, '11BAL', '2018-04-27', NULL),
  (1036, '', -1, 0, '7BAL', '2018-04-27', NULL), (1038, '', -1, 0, '4306', '2018-04-27', NULL),
  (1040, '', -1, 0, '72BAL', '2018-04-27', NULL), (1042, '', -1, 0, '675', '2018-04-27', NULL),
  (1044, '', -1, 0, '3BAL', '2018-04-27', NULL), (1046, '', -1, 0, '2843', '2018-04-27', NULL),
  (1048, '', -1, 0, '649', '2018-04-27', NULL), (1050, '', -1, 0, '900', '2018-04-27', NULL),
  (1052, '', -1, 0, '', '2018-04-27', NULL), (1054, '', -1, 0, '1405', '2018-04-27', NULL),
  (1056, '', -1, 0, '', '2018-04-27', NULL), (1058, '', -1, 0, '1066', '2018-04-27', NULL),
  (1060, '', -1, 0, '2449', '2018-04-27', NULL), (1062, '', -1, 0, '638', '2018-04-27', NULL),
  (1064, '', -1, 0, '100', '2018-04-27', NULL), (1066, '', -1, 0, '', '2018-04-27', NULL),
  (1068, '', -1, 0, '4953', '2018-04-27', NULL), (1070, '', -1, 0, '3626', '2018-04-27', NULL),
  (1072, '', -1, 0, '128', '2018-04-27', NULL), (1074, '', -1, 0, '7560', '2018-04-27', NULL),
  (1076, '', -1, 0, '123', '2018-04-27', NULL), (1078, '', -1, 0, '', '2018-04-27', NULL),
  (1080, '', -1, 0, '41', '2018-04-27', NULL), (1082, '', -1, 0, '2122', '2018-04-27', NULL),
  (1084, '', -1, 0, '1629', '2018-04-27', NULL), (1086, '', -1, 0, '2796', '2018-04-27', NULL),
  (1088, '', -1, 0, '214', '2018-04-27', NULL), (1090, '', -1, 0, '330', '2018-04-27', NULL),
  (1092, '', -1, 0, '6648', '2018-04-27', NULL), (1094, '', -1, 0, '777', '2018-04-27', NULL),
  (1096, '', -1, 0, '405', '2018-04-27', NULL), (1098, '', -1, 0, '1909', '2018-04-27', NULL),
  (1100, '', -1, 0, '310', '2018-04-27', NULL), (1102, '', -1, 0, '20BAL', '2018-04-27', NULL),
  (1104, '', -1, 0, '309', '2018-04-27', NULL), (1106, '', -1, 0, '1713', '2018-04-27', NULL),
  (1108, '', -1, 0, '27BAL', '2018-04-27', NULL), (1110, '', -1, 0, '319', '2018-04-27', NULL),
  (1112, '', -1, 0, '1848', '2018-04-27', NULL), (1114, '', -1, 0, '23BAL', '2018-04-27', NULL),
  (1116, '', -1, 0, '2321', '2018-04-27', NULL), (1118, '', -1, 0, '9BAL', '2018-04-27', NULL),
  (1120, '', -1, 0, '3326', '2018-04-27', NULL), (1122, '', -1, 0, '327', '2018-04-27', NULL),
  (1124, '', -1, 0, '11BAL', '2018-04-27', NULL), (1126, '', -1, 0, '336', '2018-04-27', NULL),
  (1128, '', -1, 0, '3228', '2018-04-27', NULL), (1130, '', -1, 0, '115', '2018-04-27', NULL),
  (1132, '', -1, 0, '183', '2018-04-27', NULL), (1134, '', -1, 0, '1926', '2018-04-27', NULL),
  (1136, '', -1, 0, '27172', '2018-04-27', NULL), (1138, '', -1, 0, '9role', '2018-04-27', NULL),
  (1140, '', -1, 0, '3610', '2018-04-27', NULL), (1142, '', -1, 0, '7518', '2018-04-27', NULL),
  (1144, '', -1, 0, '1110', '2018-04-27', NULL), (1146, '', -1, 0, '2987', '2018-04-27', NULL),
  (1148, '', -1, 0, '396', '2018-04-27', NULL), (1150, '', -1, 0, '4413', '2018-04-27', NULL),
  (1152, '', -1, 0, '293', '2018-04-27', NULL), (1154, '', -1, 0, '557', '2018-04-27', NULL),
  (1156, '', -1, 0, '3', '2018-04-27', NULL), (1158, '', -1, 0, '569', '2018-04-27', NULL),
  (1160, '', -1, 0, '', '2018-04-27', NULL), (1162, '', -1, 0, '1848', '2018-04-27', NULL),
  (1164, '', -1, 0, '', '2018-04-27', NULL), (1166, '', -1, 0, '926', '2018-04-27', NULL),
  (1168, '', -1, 0, '3', '2018-04-27', NULL), (1170, '', -1, 0, '1748', '2018-04-27', NULL),
  (1172, '', -1, 0, '13', '2018-04-27', NULL), (1174, '', -1, 0, '1735', '2018-04-27', NULL),
  (1176, '', -1, 0, '51', '2018-04-27', NULL), (1178, '', -1, 0, '2352', '2018-04-27', NULL),
  (1180, '', -1, 0, '183role', '2018-04-27', NULL), (1182, '', -1, 0, '1860', '2018-04-27', NULL),
  (1184, '', -1, 0, '4role', '2018-04-27', NULL), (1186, '', -1, 0, '1892', '2018-04-27', NULL),
  (1188, '', -1, 0, '86role', '2018-04-27', NULL), (1190, '', -1, 0, '1035', '2018-04-27', NULL),
  (1192, '', -1, 0, '', '2018-04-27', NULL), (1194, '', -1, 0, '1148', '2018-04-27', NULL),
  (1196, '', -1, 0, '', '2018-04-27', NULL), (1198, '', -1, 0, '16role', '2018-04-27', NULL),
  (1200, '', -1, 0, '1014', '2018-04-27', NULL), (1202, '', -1, 0, '11role', '2018-04-27', NULL),
  (1204, '', -1, 0, '', '2018-04-27', NULL), (1206, '', -1, 0, '11role', '2018-04-27', NULL),
  (1208, '', -1, 0, '10', '2018-04-27', NULL), (1210, '', -1, 0, '30role', '2018-04-27', NULL),
  (1212, '', -1, 0, '295', '2018-04-27', NULL), (1214, '', -1, 0, '56role', '2018-04-27', NULL),
  (1216, '', -1, 0, '69', '2018-04-27', NULL), (1218, '', -1, 0, '60role', '2018-04-27', NULL),
  (1220, '', -1, 0, '10580', '2018-04-27', NULL), (1222, '', -1, 0, '29role', '2018-04-27', NULL),
  (1224, '', -1, 0, '2368', '2018-04-27', NULL), (1226, '', -1, 0, '17role', '2018-04-27', NULL),
  (1228, '', -1, 0, '138', '2018-04-27', NULL), (1230, '', -1, 0, '10role', '2018-04-27', NULL),
  (1231, '', -1, 0, '910', '2018-04-27', NULL), (1234, '', -1, 0, '', '2018-04-27', NULL),
  (1236, '', -1, 0, '940', '2018-04-27', NULL), (1238, '', -1, 0, '2479', '2018-04-27', NULL),
  (1240, '', -1, 0, '', '2018-04-27', NULL), (1242, '', -1, 0, '90kg', '2018-04-27', NULL),
  (1244, '', -1, 0, '1798', '2018-04-27', NULL), (1246, '', -1, 0, '342kg', '2018-04-27', NULL),
  (1248, '', -1, 0, '11', '2018-04-27', NULL), (1250, '', -1, 0, '300', '2018-04-27', NULL),
  (1252, '', -1, 0, '77', '2018-04-27', NULL), (1254, '', -1, 0, '35role', '2018-04-27', NULL),
  (1256, '', -1, 0, '1874Ks', '2018-04-27', NULL), (1258, '', -1, 0, '3role', '2018-04-27', NULL),
  (1260, '', -1, 0, '625Ks', '2018-04-27', NULL), (1262, '', -1, 0, '1', '2018-04-27', NULL),
  (1264, '', -1, 0, '1121', '2018-04-27', NULL), (1266, '', -1, 0, '1', '2018-04-27', NULL),
  (1268, '', -1, 0, '944', '2018-04-27', NULL), (1270, '', -1, 0, '1', '2018-04-27', NULL),
  (1272, '', -1, 0, '175', '2018-04-27', NULL), (1274, '', -1, 0, '1', '2018-04-27', NULL),
  (1276, '', -1, 0, '326', '2018-04-27', NULL), (1278, '', -1, 0, '1', '2018-04-27', NULL),
  (1280, '', -1, 0, '323Ks', '2018-04-27', NULL), (1282, '', -1, 0, '1', '2018-04-27', NULL),
  (1284, '', -1, 0, '44BAL', '2018-04-27', NULL), (1286, '', -1, 0, '1', '2018-04-27', NULL),
  (1288, '', -1, 0, '856', '2018-04-27', NULL), (1290, '', -1, 0, '1', '2018-04-27', NULL),
  (1292, '', -1, 0, '33BAL', '2018-04-27', NULL), (1294, '', -1, 0, '', '2018-04-27', NULL),
  (1296, '', -1, 0, '40BAL', '2018-04-27', NULL), (1298, '', -1, 0, '', '2018-04-27', NULL),
  (1300, '', -1, 0, '170', '2018-04-27', NULL), (1302, '', -1, 0, '', '2018-04-27', NULL),
  (1304, '', -1, 0, '167', '2018-04-27', NULL), (1306, '', -1, 0, '2', '2018-04-27', NULL),
  (1308, '', -1, 0, '274', '2018-04-27', NULL), (1310, '', -1, 0, '2', '2018-04-27', NULL),
  (1312, '', -1, 0, '1229', '2018-04-27', NULL), (1314, '', -1, 0, '', '2018-04-27', NULL),
  (1316, '', -1, 0, '2016', '2018-04-27', NULL), (1318, '', -1, 0, '2', '2018-04-27', NULL),
  (1320, '', -1, 0, '4659', '2018-04-27', NULL), (1322, '', -1, 0, '2', '2018-04-27', NULL),
  (1324, '', -1, 0, '920', '2018-04-27', NULL), (1326, '', -1, 0, '18', '2018-04-27', NULL),
  (1328, '', -1, 0, '1404Ks', '2018-04-27', NULL), (1330, '', -1, 0, '71', '2018-04-27', NULL),
  (1332, '', -1, 0, '21bm', '2018-04-27', NULL), (1334, '', -1, 0, '1880Ks', '2018-04-27', NULL),
  (1336, '', -1, 0, '21bm', '2018-04-27', NULL), (1338, '', -1, 0, '342Ks', '2018-04-27', NULL),
  (1340, '', -1, 0, '42', '2018-04-27', NULL), (1342, '', -1, 0, '102BAL', '2018-04-27', NULL),
  (1344, '', -1, 0, '3', '2018-04-27', NULL), (1346, '', -1, 0, '17BAL', '2018-04-27', NULL),
  (1348, '', -1, 0, '11', '2018-04-27', NULL), (1350, '', -1, 0, '8BAL', '2018-04-27', NULL),
  (1352, '', -1, 0, '19', '2018-04-27', NULL), (1354, '', -1, 0, '1278', '2018-04-27', NULL),
  (1356, '', -1, 0, '1', '2018-04-27', NULL), (1358, '', -1, 0, '12BAL', '2018-04-27', NULL),
  (1360, '', -1, 0, '94', '2018-04-27', NULL), (1362, '', -1, 0, '348', '2018-04-27', NULL),
  (1364, '', -1, 0, '17', '2018-04-27', NULL), (1366, '', -1, 0, '980', '2018-04-27', NULL),
  (1368, '', -1, 0, '66', '2018-04-27', NULL), (1370, '', -1, 0, '903', '2018-04-27', NULL),
  (1372, '', -1, 0, '21', '2018-04-27', NULL), (1374, '', -1, 0, '111BAL', '2018-04-27', NULL),
  (1376, '', -1, 0, '19', '2018-04-27', NULL), (1378, '', -1, 0, '68BAL', '2018-04-27', NULL),
  (1380, '', -1, 0, '14', '2018-04-27', NULL), (1382, '', -1, 0, '176BAL', '2018-04-27', NULL),
  (1384, '', -1, 0, '20', '2018-04-27', NULL), (1386, '', -1, 0, '4945', '2018-04-27', NULL),
  (1388, '', -1, 0, '8', '2018-04-27', NULL), (1390, '', -1, 0, '5810', '2018-04-27', NULL),
  (1392, '', -1, 0, '12', '2018-04-27', NULL), (1394, '', -1, 0, '2655', '2018-04-27', NULL),
  (1396, '', -1, 0, '2455', '2018-04-27', NULL), (1398, '', -1, 0, '3603', '2018-04-27', NULL),
  (1400, '', -1, 0, '2702', '2018-04-27', NULL), (1402, '', -1, 0, '2096', '2018-04-27', NULL),
  (1404, '', -1, 0, '4460', '2018-04-27', NULL), (1406, '', -1, 0, '1774', '2018-04-27', NULL),
  (1408, '', -1, 0, '1186', '2018-04-27', NULL), (1410, '', -1, 0, '1458', '2018-04-27', NULL),
  (1412, '', -1, 0, '1841', '2018-04-27', NULL), (1414, '', -1, 0, '73BAL', '2018-04-27', NULL),
  (1416, '', -1, 0, '2342', '2018-04-27', NULL), (1418, '', -1, 0, '39BAL', '2018-04-27', NULL),
  (1420, '', -1, 0, '2163', '2018-04-27', NULL), (1422, '', -1, 0, '497', '2018-04-27', NULL),
  (1424, '', -1, 0, '644', '2018-04-27', NULL), (1426, '', -1, 0, '348', '2018-04-27', NULL),
  (1428, '', -1, 0, '998', '2018-04-27', NULL), (1430, '', -1, 0, '3972', '2018-04-27', NULL),
  (1432, '', -1, 0, '1014', '2018-04-27', NULL), (1434, '', -1, 0, '27172', '2018-04-27', NULL),
  (1436, '', -1, 0, '251', '2018-04-27', NULL), (1438, '', -1, 0, '7518', '2018-04-27', NULL),
  (1440, '', -1, 0, '433', '2018-04-27', NULL), (1442, '', -1, 0, '', '2018-04-27', NULL),
  (1444, '', -1, 0, '329', '2018-04-27', NULL), (1446, '', -1, 0, '', '2018-04-27', NULL),
  (1448, '', -1, 0, '605', '2018-04-27', NULL), (1450, '', -1, 0, '649', '2018-04-27', NULL),
  (1452, '', -1, 0, '376', '2018-04-27', NULL), (1454, '', -1, 0, '2449', '2018-04-27', NULL),
  (1456, '', -1, 0, '101', '2018-04-27', NULL), (1458, '', -1, 0, '115', '2018-04-27', NULL),
  (1460, '', -1, 0, '376', '2018-04-27', NULL), (1462, '', -1, 0, '4953', '2018-04-27', NULL),
  (1464, '', -1, 0, '67', '2018-04-27', NULL), (1466, '', -1, 0, '149', '2018-04-27', NULL),
  (1467, '', -1, 0, '41', '2018-04-27', NULL), (1470, '', -1, 0, '258', '2018-04-27', NULL),
  (1472, '', -1, 0, '1629', '2018-04-27', NULL), (1474, '', -1, 0, '242', '2018-04-27', NULL),
  (1476, '', -1, 0, '214', '2018-04-27', NULL), (1478, '', -1, 0, '262', '2018-04-27', NULL),
  (1480, '', -1, 0, '330', '2018-04-27', NULL), (1482, '', -1, 0, '232', '2018-04-27', NULL),
  (1484, '', -1, 0, '405', '2018-04-27', NULL), (1486, '', -1, 0, '29', '2018-04-27', NULL),
  (1488, '', -1, 0, '20BAL', '2018-04-27', NULL), (1490, '', -1, 0, '325', '2018-04-27', NULL),
  (1492, '', -1, 0, '27BAL', '2018-04-27', NULL), (1494, '', -1, 0, '101', '2018-04-27', NULL),
  (1496, '', -1, 0, '9BAL', '2018-04-27', NULL), (1498, '', -1, 0, '230', '2018-04-27', NULL),
  (1500, '', -1, 0, '23BAL', '2018-04-27', NULL), (1502, '', -1, 0, '214', '2018-04-27', NULL),
  (1504, '', -1, 0, '11BAL', '2018-04-27', NULL), (1506, '', -1, 0, '866', '2018-04-27', NULL),
  (1508, '', -1, 0, '100', '2018-04-27', NULL), (1510, '', -1, 0, '59', '2018-04-27', NULL),
  (1512, '', -1, 0, '123', '2018-04-27', NULL), (1514, '', -1, 0, '248', '2018-04-27', NULL),
  (1516, '', -1, 0, '128', '2018-04-27', NULL), (1518, '', -1, 0, '126', '2018-04-27', NULL),
  (1520, '', -1, 0, '72BAL', '2018-04-27', NULL), (1522, '', -1, 0, '357', '2018-04-27', NULL),
  (1524, '', -1, 0, '3BAL', '2018-04-27', NULL), (1526, '', -1, 0, '76', '2018-04-27', NULL),
  (1528, '', -1, 0, '11BAL', '2018-04-27', NULL), (1530, '', -1, 0, '50', '2018-04-27', NULL),
  (1532, '', -1, 0, '7BAL', '2018-04-27', NULL), (1534, '', -1, 0, '51', '2018-04-27', NULL),
  (1536, '', -1, 0, '', '2018-04-27', NULL), (1538, '', -1, 0, '89', '2018-04-27', NULL),
  (1540, '', -1, 0, '226', '2018-04-27', NULL), (1542, '', -1, 0, '61', '2018-04-27', NULL),
  (1544, '', -1, 0, '214', '2018-04-27', NULL), (1546, '', -1, 0, '56', '2018-04-27', NULL),
  (1548, '', -1, 0, '3BAL', '2018-04-27', NULL), (1550, '', -1, 0, '91', '2018-04-27', NULL),
  (1552, '', -1, 0, '11BAL', '2018-04-27', NULL), (1554, '', -1, 0, '400', '2018-04-27', NULL),
  (1556, '', -1, 0, '7BAL', '2018-04-27', NULL), (1558, '', -1, 0, '', '2018-04-27', NULL),
  (1560, '', -1, 0, '', '2018-04-27', NULL), (1562, '', -1, 0, '51', '2018-04-27', NULL),
  (1564, '', -1, 0, '226', '2018-04-27', NULL), (1566, '', -1, 0, '40', '2018-04-27', NULL),
  (1568, '', -1, 0, '214', '2018-04-27', NULL), (1570, '', -1, 0, '68', '2018-04-27', NULL),
  (1572, '', -1, 0, '4BAL', '2018-04-27', NULL), (1574, '', -1, 0, '3', '2018-04-27', NULL),
  (1576, '', -1, 0, '29BAL', '2018-04-27', NULL), (1578, '', -1, 0, '11', '2018-04-27', NULL),
  (1580, '', -1, 0, '5BAL', '2018-04-27', NULL), (1582, '', -1, 0, '', '2018-04-27', NULL),
  (1584, '', -1, 0, '167', '2018-04-27', NULL), (1586, '', -1, 0, '5', '2018-04-27', NULL),
  (1588, '', -1, 0, '148', '2018-04-27', NULL), (1590, '', -1, 0, '11', '2018-04-27', NULL),
  (1592, '', -1, 0, '203', '2018-04-27', NULL), (1594, '', -1, 0, '', '2018-04-27', NULL),
  (1596, '', -1, 0, '954', '2018-04-27', NULL), (1598, '', -1, 0, '', '2018-04-27', NULL),
  (1600, '', -1, 0, '727', '2018-04-27', NULL), (1602, '', -1, 0, '', '2018-04-27', NULL),
  (1604, '', -1, 0, '932', '2018-04-27', NULL), (1606, '', -1, 0, '1', '2018-04-27', NULL),
  (1608, '', -1, 0, '1686', '2018-04-27', NULL), (1610, '', -1, 0, '', '2018-04-27', NULL),
  (1612, '', -1, 0, '2271', '2018-04-27', NULL), (1614, '', -1, 0, '', '2018-04-27', NULL),
  (1616, '', -1, 0, '1', '2018-04-27', NULL), (1618, '', -1, 0, '1396', '2018-04-27', NULL),
  (1620, '', -1, 0, '3', '2018-04-27', NULL), (1622, '', -1, 0, '942', '2018-04-27', NULL),
  (1624, '', -1, 0, '3', '2018-04-27', NULL), (1626, '', -1, 0, '4615', '2018-04-27', NULL),
  (1628, '', -1, 0, '', '2018-04-27', NULL), (1630, '', -1, 0, '8520', '2018-04-27', NULL),
  (1632, '', -1, 0, '1', '2018-04-27', NULL), (1634, '', -1, 0, '5137', '2018-04-27', NULL),
  (1636, '', -1, 0, '', '2018-04-27', NULL), (1638, '', -1, 0, '2371', '2018-04-27', NULL),
  (1640, '', -1, 0, '1', '2018-04-27', NULL), (1642, '', -1, 0, '6165', '2018-04-27', NULL),
  (1644, '', -1, 0, '1', '2018-04-27', NULL), (1646, '', -1, 0, '698', '2018-04-27', NULL),
  (1648, '', -1, 0, '80BAL', '2018-04-27', NULL), (1650, '', -1, 0, '2986', '2018-04-27', NULL),
  (1652, '', -1, 0, '32BAL', '2018-04-27', NULL), (1654, '', -1, 0, '5385', '2018-04-27', NULL),
  (1656, '', -1, 0, '65BAL', '2018-04-27', NULL), (1658, '', -1, 0, '1704', '2018-04-27', NULL),
  (1660, '', -1, 0, '12BAL', '2018-04-27', NULL), (1662, '', -1, 0, '855', '2018-04-27', NULL),
  (1664, '', -1, 0, '16BAL', '2018-04-27', NULL), (1666, '', -1, 0, '2902', '2018-04-27', NULL),
  (1668, '', -1, 0, '55000', '2018-04-27', NULL), (1670, '', -1, 0, '723', '2018-04-27', NULL),
  (1672, '', -1, 0, '10BAL', '2018-04-27', NULL), (1674, '', -1, 0, '1648', '2018-04-27', NULL),
  (1676, '', -1, 0, '9BAL', '2018-04-27', NULL), (1678, '', -1, 0, '1121', '2018-04-27', NULL),
  (1680, '', -1, 0, '10000', '2018-04-27', NULL), (1682, '', -1, 0, '588', '2018-04-27', NULL),
  (1684, '', -1, 0, '', '2018-04-27', NULL), (1686, '', -1, 0, '822', '2018-04-27', NULL),
  (1688, '', -1, 0, '5BAL', '2018-04-27', NULL), (1690, '', -1, 0, '377', '2018-04-27', NULL),
  (1692, '', -1, 0, '', '2018-04-27', NULL), (1694, '', -1, 0, '1505', '2018-04-27', NULL),
  (1696, '', -1, 0, '', '2018-04-27', NULL), (1698, '', -1, 0, '55', '2018-04-27', NULL),
  (1700, '', -1, 0, '', '2018-04-27', NULL), (1702, '', -1, 0, '', '2018-04-27', NULL),
  (1704, '', -1, 0, '13BAL', '2018-04-27', NULL), (1706, '', -1, 0, '2BAL', '2018-04-27', NULL),
  (1708, '', -1, 0, '', '2018-04-27', NULL), (1710, '', -1, 0, '', '2018-04-27', NULL),
  (1712, '', -1, 0, '', '2018-04-27', NULL), (1714, '', -1, 0, '8BAL', '2018-04-27', NULL),
  (1716, '', -1, 0, '', '2018-04-27', NULL), (1718, '', -1, 0, '', '2018-04-27', NULL),
  (1720, '', -1, 0, '', '2018-04-27', NULL), (1722, '', -1, 0, '2', '2018-04-27', NULL),
  (1724, '', -1, 0, '38role', '2018-04-27', NULL), (1726, '', -1, 0, '25role', '2018-04-27', NULL),
  (1728, '', -1, 0, '15', '2018-04-27', NULL), (1730, '', -1, 0, '9', '2018-04-27', NULL),
  (1732, '', -1, 0, '21', '2018-04-27', NULL), (1734, '', -1, 0, '12', '2018-04-27', NULL),
  (1736, '', -1, 0, '6', '2018-04-27', NULL), (1738, '', -1, 0, '9', '2018-04-27', NULL),
  (1740, '', -1, 0, '22', '2018-04-27', NULL), (1742, '', -1, 0, '28', '2018-04-27', NULL),
  (1744, '', -1, 0, '7', '2018-04-27', NULL), (1746, '', -1, 0, '43', '2018-04-27', NULL),
  (1748, '', -1, 0, '47', '2018-04-27', NULL), (1750, '', -1, 0, '17', '2018-04-27', NULL),
  (1752, '', -1, 0, '18', '2018-04-27', NULL), (1754, '', -1, 0, '7', '2018-04-27', NULL),
  (1756, '', -1, 0, '10', '2018-04-27', NULL), (1758, '', -1, 0, '23BAL', '2018-04-27', NULL),
  (1760, '', -1, 0, '17BAL', '2018-04-27', NULL), (1762, '', -1, 0, '1BAL', '2018-04-27', NULL),
  (1764, '', -1, 0, '26BAL', '2018-04-27', NULL), (1766, '', -1, 0, '6BAL', '2018-04-27', NULL),
  (1768, '', -1, 0, '11BAL', '2018-04-27', NULL), (1770, '', -1, 0, '10BAL', '2018-04-27', NULL),
  (1772, '', -1, 0, '15BAL', '2018-04-27', NULL), (1774, '', -1, 0, '9BAL', '2018-04-27', NULL),
  (1776, '', -1, 0, '10BAL', '2018-04-27', NULL), (1778, '', -1, 0, '1BAL', '2018-04-27', NULL),
  (1780, '', -1, 0, '4', '2018-04-27', NULL), (1782, '', -1, 0, '2', '2018-04-27', NULL),
  (1784, '', -1, 0, '', '2018-04-27', NULL), (1786, '', -1, 0, '', '2018-04-27', NULL),
  (1788, '', -1, 0, '', '2018-04-27', NULL), (1790, '', -1, 0, '2', '2018-04-27', NULL),
  (1792, '', -1, 0, '1', '2018-04-27', NULL), (1794, '', -1, 0, '', '2018-04-27', NULL),
  (1796, '', -1, 0, '', '2018-04-27', NULL), (1798, '', -1, 0, '3', '2018-04-27', NULL),
  (1800, '', -1, 0, '', '2018-04-27', NULL), (1802, '', -1, 0, '3', '2018-04-27', NULL),
  (1804, '', -1, 0, '5', '2018-04-27', NULL), (1806, '', -1, 0, '', '2018-04-27', NULL),
  (1808, '', -1, 0, '', '2018-04-27', NULL), (1810, '', -1, 0, '', '2018-04-27', NULL),
  (1812, '', -1, 0, '1', '2018-04-27', NULL), (1814, '', -1, 0, '1', '2018-04-27', NULL),
  (1816, '', -1, 0, '', '2018-04-27', NULL), (1818, '', -1, 0, '1', '2018-04-27', NULL),
  (1820, '', -1, 0, '42', '2018-04-27', NULL), (1822, '', -1, 0, '44', '2018-04-27', NULL),
  (1824, '', -1, 0, '21kg', '2018-04-27', NULL), (1826, '', -1, 0, '20kg', '2018-04-27', NULL),
  (1828, '', -1, 0, '21kg', '2018-04-27', NULL), (1830, '', -1, 0, '15kg', '2018-04-27', NULL),
  (1832, '', -1, 0, '4kg', '2018-04-27', NULL), (1834, '', -1, 0, '2', '2018-04-27', NULL),
  (1836, '', -1, 0, '5', '2018-04-27', NULL), (1838, '', -1, 0, '34', '2018-04-27', NULL),
  (1840, '', -1, 0, '4', '2018-04-27', NULL), (1842, '', -1, 0, '11', '2018-04-27', NULL),
  (1844, '', -1, 0, '', '2018-04-27', NULL), (1846, '', -1, 0, '1', '2018-04-27', NULL),
  (1848, '', -1, 0, '', '2018-04-27', NULL), (1850, '', -1, 0, '', '2018-04-27', NULL),
  (1852, '', -1, 0, '', '2018-04-27', NULL), (1854, '', -1, 0, '', '2018-04-27', NULL);
/*!40000 ALTER TABLE `product_details`
  ENABLE KEYS */;
UNLOCK TABLES;

--
-- Table structure for table `product_details_amount_details`
--

DROP TABLE IF EXISTS `product_details_amount_details`;
/*!40101 SET @saved_cs_client = @@character_set_client */;
/*!40101 SET character_set_client = utf8 */;
CREATE TABLE `product_details_amount_details` (
  `product_details_id` INT(11) NOT NULL,
  `amount_details`     VARCHAR(255) DEFAULT NULL,
  KEY `FKkrkhbgovc7grfb185h2dmyh3x` (`product_details_id`)
)
  ENGINE = MyISAM
  DEFAULT CHARSET = latin1;
/*!40101 SET character_set_client = @saved_cs_client */;

--
-- Dumping data for table `product_details_amount_details`
--

LOCK TABLES `product_details_amount_details` WRITE;
/*!40000 ALTER TABLE `product_details_amount_details`
  DISABLE KEYS */;
INSERT INTO `product_details_amount_details`
VALUES (12, 'od 15 ks'), (14, 'od 15 ks'), (16, 'od 10 ks'), (18, 'od 10 ks'), (20, 'od 10 ks'), (22, 'od 15 ks'),
  (24, 'od 15 ks'), (26, 'od 5 ks'), (28, 'od 5 ks'), (30, 'od 5 ks'), (32, 'od 5 ks'), (34, 'od 5 ks'),
  (36, 'od 5 ks'), (38, 'od 1 ks'), (40, 'od 15 ks'), (42, 'od 15 ks'), (44, 'od 5 ks'), (46, 'od 10 ks'),
  (48, 'od 10 ks'), (50, 'od 1 ks'), (52, 'od 10 ks'), (54, 'od 1 kg'), (56, 'od 1 ks'), (58, 'od 1 ks'),
  (60, 'od 50 ks'), (62, 'od 10 ks'), (64, 'od 1 ks'), (66, 'od 10 ks'), (68, 'od 1 ks'), (70, 'od 10 ks'),
  (72, 'od 1 ks'), (74, 'od 1 ks'), (76, 'od 1 ks'), (78, 'od 1 ks'), (80, 'od 1 ks'), (82, 'od 1 ks'), (84, 'od 1 ks'),
  (86, 'od 1 ks'), (88, 'od 1 ks'), (90, 'od 100 ks'), (92, 'od 1 ks'), (94, 'od 1 ks'), (96, 'od 1 ks'),
  (98, 'od 1 ks'), (100, 'od 1 ks'), (102, 'od 1 ks'), (104, 'od 1 ks'), (106, 'od 1 ks'), (108, 'od 1 ks'),
  (110, 'od 1 ks'), (112, 'od 1 ks'), (114, 'od 1 ks'), (116, 'od 1 ks'), (118, 'od 100 ks'), (120, 'od 100 ks'),
  (122, 'od 1 ks'), (124, 'od 1 ks'), (126, 'od 1 ks'), (128, 'od 2 ks'), (130, 'od 1 ks'), (132, 'od 4 ks'),
  (134, 'od 1 ks'), (136, 'od 1 ks'), (138, 'od 1 ks'), (140, 'od 1 ks'), (142, 'od 10 ks'), (144, 'od 1 ks'),
  (146, 'od 10 ks'), (148, 'od 1 ks'), (150, 'od 10 ks'), (152, 'od 1 ks'), (154, 'od 1 ks'), (156, 'od 1 ks'),
  (158, 'od 1 ks'), (160, 'od 1 ks'), (162, 'od 1 ks'), (164, 'od 10 ks'), (166, 'od 50 ks'), (168, 'od 50 ks'),
  (170, 'od 200 ks'), (172, 'od 200 ks'), (174, 'od 200 ks'), (176, 'od 1 ks'), (178, 'od 10 ks'), (180, 'od 20 ks'),
  (182, 'od 20 ks'), (184, 'od 20 ks'), (186, 'od 20 ks'), (188, 'od 20 ks'), (190, 'od 10 ks'), (192, 'od 10 ks'),
  (194, 'od 10 ks'), (196, 'od 1 ks'), (198, 'od 5 ks'), (200, 'od 5 ks'), (202, 'od 5 ks'), (204, 'od 5 ks'),
  (206, 'od 10 ks'), (208, 'od 10 ks'), (210, 'od 1 ks'), (212, 'od 1 ks'), (214, 'od 10 ks'), (216, 'od 1 role'),
  (218, 'od 1 role'), (220, 'od 1 role'), (222, 'od 1 role'), (224, 'od 1 role'), (226, 'od 1 role'),
  (228, 'od 1 role'), (230, 'od 1 BAL'), (232, 'od 10 ks'), (234, 'od 1 BAL'), (236, 'od 10 ks'), (238, 'od 1 BAL'),
  (240, 'od 10 ks'), (242, 'od 1 BAL'), (244, 'od 10 ks'), (246, 'od 1 BAL'), (248, 'od 10 ks'), (250, 'od 1 role'),
  (252, 'od 1 BAL'), (254, 'od 1 role'), (256, 'od 1 BAL'), (258, 'od 1 role'), (260, 'od 1 role'), (262, 'od 1 BAL'),
  (264, 'od 1 BAL'), (266, 'od 1 role'), (268, 'od 1 BAL'), (270, 'od 1 role'), (272, 'od 1 BAL'), (274, 'od 1 role'),
  (276, 'od 1 BAL'), (278, 'od 1 role'), (280, 'od 1 BAL'), (282, 'od 1 role'), (284, 'od 1 BAL'), (286, 'od 1 role'),
  (288, 'od 1 BAL'), (290, 'od 1 role'), (292, 'od 1 BAL'), (294, 'od 800 ks'), (296, 'od 1 BAL'), (298, 'od 200 ks'),
  (300, 'od 1 role'), (302, 'od 1 BAL'), (304, 'od 1 role'), (305, 'od 1 BAL'), (308, 'od 1 role'), (310, 'od 1 BAL'),
  (312, 'od 1 role'), (313, 'od 1 BAL'), (316, 'od 1 role'), (318, 'od 1 BAL'), (320, 'od 1 role'), (322, 'od 1 BAL'),
  (324, 'od 1 role'), (326, 'od 1 BAL'), (328, 'od 1 role'), (330, 'od 1 BAL'), (332, 'od 1 role'), (334, 'od 1 BAL'),
  (336, 'od 1 ks'), (338, 'od 1 BAL'), (340, 'od 1 role'), (342, 'od 1 BAL'), (344, 'od 1 role'), (346, 'od 1 BAL'),
  (348, 'od 1 role'), (350, 'od 1 BAL'), (352, 'od 1 role'), (354, 'od 1 BAL'), (356, 'od 1 role'), (358, 'od 1 BAL'),
  (360, 'od 50 ks'), (362, 'od 1 BAL'), (364, 'od 45 kg'), (366, 'od 1 BAL'), (368, 'od 1 role'), (370, 'od 1 BAL'),
  (372, 'od 1 role'), (374, 'od 1 BAL'), (376, 'od 1 role'), (378, 'od 1 BAL'), (380, 'od 1 kg'), (382, 'od 1 BAL'),
  (384, 'od 1 role'), (386, 'od 1 BAL'), (388, 'od 1 BAL'), (390, 'od 1 role'), (392, 'od 1 role'), (394, 'od 1 BAL'),
  (396, 'od 1 ks'), (398, 'od 1 BAL'), (400, 'od 1 role'), (402, 'od 1 ks'), (404, 'od 1 BAL'), (406, 'od 1 role'),
  (408, 'od 1 ks'), (410, 'od 30 kg'), (412, 'od 1 BAL'), (414, 'od 1 ks'), (416, 'od 1 ks'), (418, 'od 1 BAL'),
  (420, 'od 1 role'), (422, 'od 1 role'), (424, 'od 1 BAL'), (426, 'od 1 ks'), (428, 'od 1 ks'), (430, 'od 100 ks'),
  (432, 'od 1 role'), (434, 'od 1 ks'), (436, 'od 31 kg'), (438, 'od 1 role'), (440, 'od 50 ks'), (442, 'od 1 ks'),
  (444, 'od 1 role'), (446, 'od 1 role'), (448, 'od 1 ks'), (450, 'od 50 ks'), (452, 'od 1 role'), (454, 'od 1 role'),
  (456, 'od 1 ks'), (458, 'od 1 tks'), (460, 'od 1 ks'), (462, 'od 1 role'), (464, 'od 1 ks'), (466, 'od 400 ks'),
  (468, 'od 1 ks'), (470, 'od 250 ks'), (472, 'od 1 role'), (474, 'od 1 ks'), (476, 'od 1 ks'), (478, 'od 1 tks'),
  (480, 'od 1 ks'), (481, 'od 1 role'), (484, 'od 1 ks'), (486, 'od 100 ks'), (488, 'od 1 ks'), (490, 'od 1 ks'),
  (492, 'od 1 role'), (494, 'od 1 role'), (496, 'od 1 ks'), (498, 'od 1 ks'), (500, 'od 1 role'), (502, 'od 1 ks'),
  (504, 'od 1 role'), (506, 'od 1 ks'), (508, 'od 1 ks'), (510, 'od 50 ks'), (512, 'od 1 ks'), (514, 'od 1 ks'),
  (516, 'od 1 ks'), (518, 'od 50 ks'), (520, 'od 1 ks'), (522, 'od 1 ks'), (524, 'od 50 ks'), (526, 'od 1 ks'),
  (528, 'od 1 ks'), (530, 'od 1 ks'), (532, 'od 1 ks'), (534, 'od 1 ks'), (536, 'od 1 ks'), (538, 'od 10 ks'),
  (539, 'od 1 ks'), (542, 'od 1 ks'), (544, 'od 1 ks'), (546, 'od 1 ks'), (548, 'od 1 ks'), (550, 'od 1 ks'),
  (552, 'od 1 ks'), (554, 'od 50 ks'), (556, 'od 1 ks'), (558, 'od 1 ks'), (560, 'od 50 ks'), (562, 'od 1 role'),
  (563, 'od 1 ks'), (566, 'od 1 BAL'), (568, 'od 10 ks'), (570, 'od 1 ks'), (572, 'od 1 BAL'), (574, 'od 1 ks'),
  (576, 'od 10 ks'), (578, 'od 1 BAL'), (580, 'od 1 ks'), (582, 'od 10 ks'), (584, 'od 1 BAL'), (586, 'od 1 BAL'),
  (587, 'od 1 ks'), (590, 'od 1 ks'), (592, 'od 1 SET'), (594, 'od 1 BAL'), (596, 'od 1 BAL'), (598, 'od 1 BAL'),
  (600, 'od 100 ks'), (602, 'od 1 BAL'), (604, 'od 1 BAL'), (606, 'od 5 kg'), (608, 'od 1 ks'), (610, 'od 1 BAL'),
  (612, 'od 5 kg'), (614, 'od 5 ks'), (616, 'od 1 BAL'), (618, 'od 5 ks'), (620, 'od 5 ks'), (622, 'od 1 BAL'),
  (624, 'od 20 ks'), (626, 'od 15 ks'), (628, 'od 10 ks'), (630, 'od 40 ks'), (632, 'od 5 ks'), (634, 'od 150 ks'),
  (636, 'od 20 ks'), (638, 'od 3 ks'), (640, 'od 15 ks'), (642, 'od 10 ks'), (644, 'od 32 ks'), (646, 'od 1 000 ks'),
  (648, 'od 1 000 ks'), (650, 'od 500 ks'), (652, 'od 80 ks'), (654, 'od 1 BAL'), (656, 'od 1 BAL'), (658, 'od 1 BAL'),
  (660, 'od 1 BAL'), (662, 'od 1 BAL'), (664, 'od 1 BAL'), (666, 'od 1 BAL'), (668, 'od 1 BAL'), (670, 'od 1 BAL'),
  (672, 'od 1 BAL'), (674, 'od 1 BAL'), (676, 'od 1 BAL'), (678, 'od 1 BAL'), (680, 'od 1 BAL'), (682, 'od 1 BAL'),
  (684, 'od 1 BAL'), (686, 'od 1 BAL'), (688, 'od 1 BAL'), (690, 'od 1 BAL'), (692, 'od 1 BAL'), (694, 'od 1 BAL'),
  (696, 'od 1 BAL'), (698, 'od 1 BAL'), (700, 'od 1 BAL'), (702, 'od 1 BAL'), (704, 'od 1 BAL'), (706, 'od 1 BAL'),
  (708, 'od 1 BAL'), (710, 'od 1 BAL'), (712, 'od 1 BAL'), (714, 'od 1 BAL'), (716, 'od 1 BAL'), (718, 'od 1 BAL'),
  (720, 'od 1 BAL'), (722, 'od 1 BAL'), (724, 'od 1 BAL'), (726, 'od 1 BAL'), (728, 'od 1 BAL'), (730, 'od 1 BAL'),
  (732, 'od 1 BAL'), (734, 'od 1 BAL'), (736, 'od 1 BAL'), (738, 'od 1 BAL'), (740, 'od 1 BAL'), (742, 'od 1 BAL'),
  (744, 'od 1 000 ks'), (746, 'od 10 ks'), (748, 'od 10 ks'), (750, 'od 10 ks'), (752, 'od 10 ks'), (754, 'od 10 ks'),
  (756, 'od 10 ks'), (758, 'od 10 ks'), (760, 'od 20 ks'), (762, 'od 10 ks'), (764, 'od 10 ks'), (766, 'od 20 ks'),
  (768, 'od 10 ks'), (770, 'od 10 ks'), (772, 'od 10 ks'), (774, 'od 10 ks'), (776, 'od 10 ks'), (778, 'od 10 ks'),
  (780, 'od 10 ks'), (782, 'od 10 ks'), (784, 'od 10 ks'), (786, 'od 10 ks'), (788, 'od 10 ks'), (790, 'od 10 ks'),
  (792, 'od 10 ks'), (794, 'od 10 ks'), (796, 'od 10 ks'), (798, 'od 10 ks'), (800, 'od 1 BAL'), (802, 'od 1 BAL'),
  (804, 'od 1 BAL'), (806, 'od 1 BAL'), (808, 'od 1 BAL'), (810, 'od 1 BAL'), (812, 'od 1 BAL'), (814, 'od 1 BAL'),
  (816, 'od 1 BAL'), (818, 'od 1 BAL'), (820, 'od 1 BAL'), (822, 'od 1 BAL'), (824, 'od 10 ks'), (826, 'od 10 ks'),
  (828, 'od 10 ks'), (830, 'od 10 ks'), (832, 'od 10 ks'), (834, 'od 25 ks'), (836, 'od 10 ks'), (838, 'od 10 ks'),
  (840, 'od 10 ks'), (842, 'od 10 ks'), (844, 'od 25 ks'), (846, 'od 10 ks'), (848, 'od 10 ks'), (850, 'od 10 ks'),
  (852, 'od 25 ks'), (854, 'od 25 ks'), (856, 'od 25 Ks'), (858, 'od 25 ks'), (860, 'od 25 Ks'), (862, 'od 10 ks'),
  (864, 'od 25 Ks'), (866, 'od 25 ks'), (868, 'od 25 Ks'), (870, 'od 10 ks'), (872, 'od 25 Ks'), (874, 'od 25 ks'),
  (876, 'od 25 Ks'), (878, 'od 25 ks'), (880, 'od 1 BAL'), (882, 'od 25 ks'), (884, 'od 10 ks'), (886, 'od 25 ks'),
  (888, 'od 10 ks'), (890, 'od 25 ks'), (892, 'od 10 ks'), (894, 'od 25 ks'), (896, 'od 10 ks'), (898, 'od 25 ks'),
  (900, 'od 10 ks'), (902, 'od 25 ks'), (904, 'od 10 ks'), (906, 'od 25 ks'), (908, 'od 10 ks'), (910, 'od 25 ks'),
  (912, 'od 10 ks'), (914, 'od 10 ks'), (916, 'od 10 ks'), (918, 'od 25 ks'), (920, 'od 10 ks'), (922, 'od 25 ks'),
  (924, 'od 10 ks'), (926, 'od 10 ks'), (928, 'od 25 ks'), (930, 'od 10 ks'), (932, 'od 25 ks'), (934, 'od 10 ks'),
  (936, 'od 25 ks'), (938, 'od 10 ks'), (940, 'od 25 ks'), (942, 'od 10 ks'), (944, 'od 25 ks'), (946, 'od 10 ks'),
  (948, 'od 25 ks'), (950, 'od 25 ks'), (952, 'od 25 ks'), (954, 'od 25 ks'), (956, 'od 25 ks'), (958, 'od 25 ks'),
  (960, 'od 25 ks'), (962, 'od 25 ks'), (964, 'od 25 ks'), (966, 'od 1 BAL'), (968, 'od 25 ks'), (970, 'od 1 BAL'),
  (972, 'od 25 ks'), (974, 'od 1 BAL'), (976, 'od 25 ks'), (978, 'od 1 BAL'), (980, 'od 25 ks'), (982, 'od 1 BAL'),
  (984, 'od 25 ks'), (986, 'od 1 BAL'), (988, 'od 25 ks'), (990, 'od 1 BAL'), (992, 'od 25 ks'), (994, 'od 1 BAL'),
  (996, 'od 1 BAL'), (998, 'od 20 ks'), (1000, 'od 1 BAL'), (1002, 'od 25 ks'), (1004, 'od 1 BAL'), (1006, 'od 25 ks'),
  (1008, 'od 1 BAL'), (1010, 'od 25 ks'), (1012, 'od 1 BAL'), (1014, 'od 25 ks'), (1016, 'od 1 BAL'),
  (1018, 'od 25 ks'), (1020, 'od 1 BAL'), (1022, 'od 25 ks'), (1024, 'od 1 BAL'), (1026, 'od 25 ks'),
  (1028, 'od 25 ks'), (1030, 'od 1 BAL'), (1032, 'od 25 ks'), (1034, 'od 1 BAL'), (1036, 'od 1 BAL'),
  (1038, 'od 25 ks'), (1040, 'od 1 BAL'), (1042, 'od 25 ks'), (1044, 'od 1 BAL'), (1046, 'od 25 ks'),
  (1048, 'od 10 ks'), (1050, 'od 25 ks'), (1052, 'od 10 ks'), (1054, 'od 25 ks'), (1056, 'od 10 ks'),
  (1058, 'od 25 ks'), (1060, 'od 10 ks'), (1062, 'od 25 ks'), (1064, 'od 10 ks'), (1066, 'od 15 ks'),
  (1068, 'od 10 ks'), (1070, 'od 15 ks'), (1072, 'od 10 ks'), (1074, 'od 15 ks'), (1076, 'od 10 ks'),
  (1078, 'od 15 ks'), (1080, 'od 10 ks'), (1082, 'od 15 ks'), (1084, 'od 10 ks'), (1086, 'od 15 ks'),
  (1088, 'od 10 ks'), (1090, 'od 10 ks'), (1092, 'od 15 ks'), (1094, 'od 15 ks'), (1096, 'od 10 ks'),
  (1098, 'od 15 ks'), (1100, 'od 1 ks'), (1102, 'od 1 BAL'), (1104, 'od 1 ks'), (1106, 'od 15 ks'), (1108, 'od 1 BAL'),
  (1110, 'od 1 ks'), (1112, 'od 15 ks'), (1114, 'od 1 BAL'), (1116, 'od 1 ks'), (1118, 'od 1 BAL'), (1120, 'od 15 ks'),
  (1122, 'od 1 ks'), (1124, 'od 1 BAL'), (1126, 'od 1 ks'), (1128, 'od 15 ks'), (1130, 'od 10 ks'), (1132, 'od 1 ks'),
  (1134, 'od 15 ks'), (1136, 'od 10 ks'), (1138, 'od 1 role'), (1140, 'od 15 ks'), (1142, 'od 10 ks'),
  (1144, 'od 1 ks'), (1146, 'od 15 ks'), (1148, 'od 1 ks'), (1150, 'od 15 ks'), (1152, 'od 1 ks'), (1154, 'od 15 ks'),
  (1156, 'od 1 ks'), (1158, 'od 15 ks'), (1160, 'od 1 ks'), (1162, 'od 15 ks'), (1164, 'od 1 ks'), (1166, 'od 15 ks'),
  (1168, 'od 1 ks'), (1170, 'od 15 ks'), (1172, 'od 1 ks'), (1174, 'od 15 ks'), (1176, 'od 1 ks'), (1178, 'od 15 ks'),
  (1180, 'od 1 role'), (1182, 'od 15 ks'), (1184, 'od 1 role'), (1186, 'od 10 ks'), (1188, 'od 1 role'),
  (1190, 'od 15 ks'), (1192, 'od 1 role'), (1194, 'od 10 ks'), (1196, 'od 1 role'), (1198, 'od 1 role'),
  (1200, 'od 15 ks'), (1202, 'od 1 role'), (1204, 'od 15 ks'), (1206, 'od 1 role'), (1208, 'od 15 ks'),
  (1210, 'od 1 role'), (1212, 'od 5 ks'), (1214, 'od 1 role'), (1216, 'od 15 ks'), (1218, 'od 1 role'),
  (1220, 'od 10 ks'), (1222, 'od 1 role'), (1224, 'od 10 ks'), (1226, 'od 1 role'), (1228, 'od 10 ks'),
  (1230, 'od 1 role'), (1231, 'od 10 ks'), (1234, 'od 1 ks'), (1236, 'od 10 ks'), (1238, 'od 10 ks'),
  (1240, 'od 35 kg'), (1242, 'od 45 kg'), (1244, 'od 50 ks'), (1246, 'od 1 kg'), (1248, 'od 1 ks'), (1250, 'od 50 ks'),
  (1252, 'od 10 ks'), (1254, 'od 1 role'), (1256, 'od 25 Ks'), (1258, 'od 1 role'), (1260, 'od 25 Ks'),
  (1262, 'od 1 ks'), (1264, 'od 10 ks'), (1266, 'od 1 ks'), (1268, 'od 10 ks'), (1270, 'od 1 ks'), (1272, 'od 10 ks'),
  (1274, 'od 1 ks'), (1276, 'od 10 ks'), (1278, 'od 1 ks'), (1280, 'od 25 Ks'), (1282, 'od 1 ks'), (1284, 'od 1 BAL'),
  (1286, 'od 1 ks'), (1288, 'od 25 ks'), (1290, 'od 1 ks'), (1292, 'od 1 BAL'), (1294, 'od 1 ks'), (1296, 'od 1 BAL'),
  (1298, 'od 1 ks'), (1300, 'od 10 ks'), (1302, 'od 1 ks'), (1304, 'od 10 ks'), (1306, 'od 1 ks'), (1308, 'od 10 ks'),
  (1310, 'od 1 ks'), (1312, 'od 10 ks'), (1314, 'od 1 ks'), (1316, 'od 10 ks'), (1318, 'od 1 ks'), (1320, 'od 10 ks'),
  (1322, 'od 1 ks'), (1324, 'od 10 ks'), (1326, 'od 1 ks'), (1328, 'od 25 Ks'), (1330, 'od 1 ks'), (1332, 'od 1 bm'),
  (1334, 'od 25 Ks'), (1336, 'od 1 bm'), (1338, 'od 25 Ks'), (1340, 'od 1 ks'), (1342, 'od 1 BAL'), (1344, 'od 1 ks'),
  (1346, 'od 1 BAL'), (1348, 'od 1 ks'), (1350, 'od 1 BAL'), (1352, 'od 1 ks'), (1354, 'od 25 ks'), (1356, 'od 1 ks'),
  (1358, 'od 1 BAL'), (1360, 'od 1 ks'), (1362, 'od 10 ks'), (1364, 'od 1 ks'), (1366, 'od 10 ks'), (1368, 'od 1 ks'),
  (1370, 'od 10 ks'), (1372, 'od 1 ks'), (1374, 'od 1 BAL'), (1376, 'od 1 ks'), (1378, 'od 1 BAL'), (1380, 'od 1 ks'),
  (1382, 'od 1 BAL'), (1384, 'od 1 ks'), (1386, 'od 10 ks'), (1388, 'od 1 ks'), (1390, 'od 10 ks'), (1392, 'od 1 ks'),
  (1394, 'od 10 ks'), (1396, 'od 6 ks'), (1398, 'od 10 ks'), (1400, 'od 6 ks'), (1402, 'od 20 ks'), (1404, 'od 6 ks'),
  (1406, 'od 10 ks'), (1408, 'od 6 ks'), (1410, 'od 10 ks'), (1412, 'od 6 ks'), (1414, 'od 1 BAL'), (1416, 'od 6 ks'),
  (1418, 'od 1 BAL'), (1420, 'od 6 ks'), (1422, 'od 10 ks'), (1424, 'od 6 ks'), (1426, 'od 10 ks'), (1428, 'od 6 ks'),
  (1430, 'od 10 ks'), (1432, 'od 6 ks'), (1434, 'od 10 ks'), (1436, 'od 6 ks'), (1438, 'od 10 ks'), (1440, 'od 6 ks'),
  (1442, 'od 10 ks'), (1444, 'od 6 ks'), (1446, 'od 10 ks'), (1448, 'od 6 ks'), (1450, 'od 10 ks'), (1452, 'od 6 ks'),
  (1454, 'od 10 ks'), (1456, 'od 6 ks'), (1458, 'od 10 ks'), (1460, 'od 6 ks'), (1462, 'od 10 ks'), (1464, 'od 6 ks'),
  (1466, 'od 6 ks'), (1467, 'od 10 ks'), (1470, 'od 6 ks'), (1472, 'od 10 ks'), (1474, 'od 6 ks'), (1476, 'od 10 ks'),
  (1478, 'od 6 ks'), (1480, 'od 10 ks'), (1482, 'od 6 ks'), (1484, 'od 10 ks'), (1486, 'od 6 ks'), (1488, 'od 1 BAL'),
  (1490, 'od 6 ks'), (1492, 'od 1 BAL'), (1494, 'od 6 ks'), (1496, 'od 1 BAL'), (1498, 'od 6 ks'), (1500, 'od 1 BAL'),
  (1502, 'od 1 ks'), (1504, 'od 1 BAL'), (1506, 'od 1 ks'), (1508, 'od 10 ks'), (1510, 'od 1 ks'), (1512, 'od 10 ks'),
  (1514, 'od 1 ks'), (1516, 'od 10 ks'), (1518, 'od 1 ks'), (1520, 'od 1 BAL'), (1522, 'od 1 ks'), (1524, 'od 1 BAL'),
  (1526, 'od 1 ks'), (1528, 'od 1 BAL'), (1530, 'od 1 ks'), (1532, 'od 1 BAL'), (1534, 'od 1 ks'), (1536, 'od 10 ks'),
  (1538, 'od 1 ks'), (1540, 'od 10 ks'), (1542, 'od 1 ks'), (1544, 'od 10 ks'), (1546, 'od 1 ks'), (1548, 'od 1 BAL'),
  (1550, 'od 1 ks'), (1552, 'od 1 BAL'), (1554, 'od 1 ks'), (1556, 'od 1 BAL'), (1558, 'od 1 ks'), (1560, 'od 10 ks'),
  (1562, 'od 1 ks'), (1564, 'od 10 ks'), (1566, 'od 1 ks'), (1568, 'od 10 ks'), (1570, 'od 1 ks'), (1572, 'od 1 BAL'),
  (1574, 'od 1 ks'), (1576, 'od 1 BAL'), (1578, 'od 1 ks'), (1580, 'od 1 BAL'), (1582, 'od 1 ks'), (1584, 'od 1 ks'),
  (1586, 'od 1 ks'), (1588, 'od 1 ks'), (1590, 'od 1 ks'), (1592, 'od 5 ks'), (1594, 'od 1 ks'), (1596, 'od 10 ks'),
  (1598, 'od 1 ks'), (1600, 'od 10 ks'), (1602, 'od 1 ks'), (1604, 'od 10 ks'), (1606, 'od 1 ks'), (1608, 'od 10 ks'),
  (1610, 'od 1 ks'), (1612, 'od 10 ks'), (1614, 'od 1 ks'), (1616, 'od 1 ks'), (1618, 'od 10 ks'), (1620, 'od 1 ks'),
  (1622, 'od 10 ks'), (1624, 'od 1 ks'), (1626, 'od 10 ks'), (1628, 'od 1 ks'), (1630, 'od 20 ks'), (1632, 'od 1 ks'),
  (1634, 'od 10 ks'), (1636, 'od 1 ks'), (1638, 'od 10 ks'), (1640, 'od 1 ks'), (1642, 'od 10 ks'), (1644, 'od 1 ks'),
  (1646, 'od 10 ks'), (1648, 'od 1 BAL'), (1650, 'od 10 ks'), (1652, 'od 1 BAL'), (1654, 'od 10 ks'),
  (1656, 'od 1 BAL'), (1658, 'od 10 ks'), (1660, 'od 1 BAL'), (1662, 'od 10 ks'), (1664, 'od 1 BAL'),
  (1666, 'od 10 ks'), (1668, 'od 5 000 ks'), (1670, 'od 10 ks'), (1672, 'od 1 BAL'), (1674, 'od 10 ks'),
  (1676, 'od 1 BAL'), (1678, 'od 10 ks'), (1680, 'od 5 000 ks'), (1682, 'od 10 ks'), (1684, 'od 1 BAL'),
  (1686, 'od 10 ks'), (1688, 'od 1 BAL'), (1690, 'od 10 ks'), (1692, 'od 1 BAL'), (1694, 'od 10 ks'),
  (1696, 'od 1 BAL'), (1698, 'od 10 ks'), (1700, 'od 1 BAL'), (1702, 'od 1 BAL'), (1704, 'od 1 BAL'),
  (1706, 'od 1 BAL'), (1708, 'od 1 BAL'), (1710, 'od 1 BAL'), (1712, 'od 1 BAL'), (1714, 'od 1 BAL'), (1716, 'od 1 ks'),
  (1718, 'od 1 ks'), (1720, 'od 1 ks'), (1722, 'od 1 ks'), (1724, 'od 1 role'), (1726, 'od 1 role'), (1728, 'od 1 ks'),
  (1730, 'od 1 ks'), (1732, 'od 1 ks'), (1734, 'od 1 ks'), (1736, 'od 1 ks'), (1738, 'od 1 ks'), (1740, 'od 1 ks'),
  (1742, 'od 1 ks'), (1744, 'od 1 ks'), (1746, 'od 1 ks'), (1748, 'od 1 ks'), (1750, 'od 1 ks'), (1752, 'od 1 ks'),
  (1754, 'od 1 ks'), (1756, 'od 1 ks'), (1758, 'od 1 BAL'), (1760, 'od 1 BAL'), (1762, 'od 1 BAL'), (1764, 'od 1 BAL'),
  (1766, 'od 1 BAL'), (1768, 'od 1 BAL'), (1770, 'od 1 BAL'), (1772, 'od 1 BAL'), (1774, 'od 1 BAL'),
  (1776, 'od 1 BAL'), (1778, 'od 1 BAL'), (1780, 'od 1 ks'), (1782, 'od 1 ks'), (1784, 'od 1 ks'), (1786, 'od 1 ks'),
  (1788, 'od 1 ks'), (1790, 'od 1 ks'), (1792, 'od 1 ks'), (1794, 'od 1 ks'), (1796, 'od 1 ks'), (1798, 'od 1 ks'),
  (1800, 'od 1 ks'), (1802, 'od 1 ks'), (1804, 'od 1 ks'), (1806, 'od 1 ks'), (1808, 'od 1 ks'), (1810, 'od 1 ks'),
  (1812, 'od 1 ks'), (1814, 'od 1 ks'), (1816, 'od 1 ks'), (1818, 'od 1 ks'), (1820, 'od 1 ks'), (1822, 'od 1 ks'),
  (1824, 'od 1 kg'), (1826, 'od 1 kg'), (1828, 'od 1 kg'), (1830, 'od 1 kg'), (1832, 'od 1 kg'), (1834, 'od 1 ks'),
  (1836, 'od 1 ks'), (1838, 'od 1 ks'), (1840, 'od 1 ks'), (1842, 'od 1 ks'), (1844, 'od 1 ks'), (1846, 'od 1 ks'),
  (1848, 'od 1 ks'), (1850, 'od 1 ks'), (1852, 'od 1 ks'), (1854, 'od 1 ks');
/*!40000 ALTER TABLE `product_details_amount_details`
  ENABLE KEYS */;
UNLOCK TABLES;

--
-- Table structure for table `product_details_price_details`
--

DROP TABLE IF EXISTS `product_details_price_details`;
/*!40101 SET @saved_cs_client = @@character_set_client */;
/*!40101 SET character_set_client = utf8 */;
CREATE TABLE `product_details_price_details` (
  `product_details_id` INT(11) NOT NULL,
  `price_details`      VARCHAR(255) DEFAULT NULL,
  KEY `FKqa6sd2gtaykou9poua9j7c5im` (`product_details_id`)
)
  ENGINE = MyISAM
  DEFAULT CHARSET = latin1;
/*!40101 SET character_set_client = @saved_cs_client */;

--
-- Dumping data for table `product_details_price_details`
--

LOCK TABLES `product_details_price_details` WRITE;
/*!40000 ALTER TABLE `product_details_price_details`
  DISABLE KEYS */;
INSERT INTO `product_details_price_details`
VALUES (12, '198.50'), (14, '216.02'), (16, '288.88'), (18, '226.44'), (20, '33.96'), (22, '69.44'), (24, '63.42'),
  (26, '96.76'), (28, '116.11'), (30, '145.44'), (32, '366.04'), (34, '23.38'), (36, '30.04'), (38, '26.02'),
  (40, '426.07'), (42, '490.26'), (44, '588.30'), (46, '6.99'), (48, '14.25'), (50, '898.43'), (52, '25.30'),
  (54, '35.39'), (56, '696.96'), (58, '442.13'), (60, '17.88'), (62, '64.03'), (64, '603.46'), (66, '9.79'),
  (68, '856.68'), (70, '10.90'), (72, '532.40'), (74, '756.25'), (76, '1'), (78, '3'), (80, '1'), (82, '1'), (84, '2'),
  (86, '2'), (88, '3'), (90, '0.99'), (92, '1'), (94, '2.48'), (96, '2'), (98, '3.22'), (100, '2'), (102, '4.30'),
  (104, '5.37'), (106, '29'), (108, '6.45'), (110, '65'), (112, '9.67'), (114, '84'), (116, '10.74'), (118, '1.33'),
  (120, '2.15'), (122, '6.09'), (124, '10.03'), (126, '6.85'), (128, '1'), (130, '7.45'), (132, '441.65'),
  (134, '7.61'), (136, '677.60'), (138, '12.54'), (140, '14.79'), (142, '61.12'), (144, '9.14'), (146, '28.92'),
  (148, '16.66'), (150, '22.26'), (152, '11.42'), (154, '12.93'), (156, '15.22'), (158, '19.34'), (160, '25.07'),
  (162, '15.33'), (164, '10.22'), (166, '5.86'), (168, '3.91'), (170, '1.25'), (172, '1.85'), (174, '1.73'),
  (176, '71.39'), (178, '3.39'), (180, '8.47'), (182, '9.00'), (184, '9.95'), (186, '10.84'), (188, '13.43'),
  (190, '26.16'), (192, '20.04'), (194, '15.83'), (196, '12.46'), (198, '24.93'), (200, '20.04'), (202, '20.04'),
  (204, '29.57'), (206, '40.24'), (208, '45.98'), (210, '3'), (212, '4'), (214, '16.82'), (216, '894.43'), (218, '1'),
  (220, '1'), (222, '1'), (224, '1'), (226, '1'), (228, '1'), (230, '281.20'), (232, '6.99'), (234, '9.64'),
  (236, '14.25'), (238, '16.15'), (240, '9.79'), (242, '21.82'), (244, '25.30'), (246, '26.79'), (248, '10.90'),
  (250, '525.14'), (252, '33.67'), (254, '298.27'), (256, '40.41'), (258, '290.32'), (260, '580.80'), (262, '55.41'),
  (264, '77.38'), (266, '619.52'), (268, '88.86'), (270, '540.87'), (272, '111.13'), (274, '817.60'), (276, '137.76'),
  (278, '1'), (280, '175.64'), (282, '673.87'), (284, '148.78'), (286, '842.34'), (288, '207.95'), (290, '1'),
  (292, '280.80'), (294, '1.63'), (296, '285.26'), (298, '10.41'), (300, '1'), (302, '19.46'), (304, '1'),
  (305, '25.16'), (308, '2'), (310, '32.63'), (312, '2'), (313, '45.08'), (316, '2'), (318, '66.78'), (320, '3'),
  (322, '100.45'), (324, '2'), (326, '91.46'), (328, '233.77'), (330, '127.28'), (332, '750.20'), (334, '140.63'),
  (336, '966.79'), (338, '255.62'), (340, '1'), (342, '135.94'), (344, '356.35'), (346, '194.69'), (348, '1'),
  (350, '225.48'), (352, '2'), (354, '267.47'), (356, '2'), (358, '337.77'), (360, '3.99'), (362, '398.51'),
  (364, '113.26'), (366, '1'), (368, '2'), (370, '213.53'), (372, '2'), (374, '331.99'), (376, '2'), (378, '384.40'),
  (380, '108.42'), (382, '60.92'), (384, '3'), (386, '105.56'), (388, '558.86'), (390, '3'), (392, '3'),
  (394, '634.52'), (396, '217.07'), (398, '139.55'), (400, '4'), (402, '300.56'), (404, '223.55'), (406, '5'),
  (408, '310.58'), (410, '83.25'), (412, '890.56'), (414, '108.54'), (416, '1'), (418, '251.34'), (420, '9'),
  (422, '3'), (424, '352.85'), (426, '100.19'), (428, '135.52'), (430, '7.02'), (432, '5'), (434, '146.94'),
  (436, '126.57'), (438, '6'), (440, '6.35'), (442, '202.05'), (444, '1'), (446, '5'), (448, '250.47'), (450, '6.35'),
  (452, '1'), (454, '5'), (456, '126.32'), (458, '1'), (460, '1'), (462, '5'), (464, '1'), (466, '4.66'),
  (468, '74.05'), (470, '9.20'), (472, '3'), (474, '53.72'), (476, '60.62'), (478, '946.22'), (480, '271.04'),
  (481, '4'), (484, '42.11'), (486, '4.04'), (488, '183.48'), (490, '164.44'), (492, '5'), (494, '53.23'),
  (496, '71.39'), (498, '56.80'), (500, '13'), (502, '234.74'), (504, '79.03'), (506, '520.30'), (508, '222.01'),
  (510, '25.05'), (512, '110.59'), (514, '280.72'), (516, '301.07'), (518, '20.24'), (520, '180.05'), (522, '280.72'),
  (524, '22.13'), (526, '116.40'), (528, '294.76'), (530, '280.72'), (532, '22.65'), (534, '529.74'), (536, '183.48'),
  (538, '28.79'), (539, '234.44'), (542, '650.74'), (544, '231.59'), (546, '16.94'), (548, '75.02'), (550, '503.72'),
  (552, '320.55'), (554, '7.87'), (556, '16.34'), (558, '327.79'), (560, '7.87'), (562, '2'), (563, '54.45'),
  (566, '242.00'), (568, '35.82'), (570, '99.83'), (572, '242.00'), (574, '125.24'), (576, '65.58'), (578, '242.00'),
  (580, '127.05'), (582, '75.38'), (584, '242.00'), (586, '143.60'), (587, '907.50'), (590, '3'), (592, '83.38'),
  (594, '161.45'), (596, '113.97'), (598, '1'), (600, '7.20'), (602, '112.71'), (604, '484.00'), (606, '156.82'),
  (608, '1'), (610, '484.00'), (612, '419.39'), (614, '20.57'), (616, '580.80'), (618, '48.88'), (620, '20.57'),
  (622, '1'), (624, '12.71'), (626, '18.15'), (628, '32.67'), (630, '7.82'), (632, '35.94'), (634, '3.29'),
  (636, '11.31'), (638, '55.90'), (640, '12.34'), (642, '21.96'), (644, '83.31'), (646, '2.36'), (648, '2.66'),
  (650, '3.75'), (652, '5.81'), (654, '899.76'), (656, '1'), (658, '1'), (660, '2'), (662, '744.03'), (664, '787.29'),
  (666, '1'), (668, '1'), (670, '1'), (672, '1'), (674, '2'), (676, '508.20'), (678, '609.84'), (680, '360.58'),
  (682, '360.82'), (684, '456.11'), (686, '520.30'), (688, '641.60'), (690, '672.09'), (692, '785.17'), (694, '562.83'),
  (696, '624.46'), (698, '511.83'), (700, '196.02'), (702, '274.67'), (704, '566.28'), (706, '191.66'), (708, '400.51'),
  (710, '800.27'), (712, '1'), (714, '899.76'), (716, '212.11'), (718, '336.99'), (720, '295.97'), (722, '433.42'),
  (724, '1'), (726, '1'), (728, '1'), (730, '1'), (732, '1'), (734, '919.60'), (736, '1'), (738, '1'), (740, '1'),
  (742, '1'), (744, '1.03'), (746, '10.67'), (748, '11.43'), (750, '15.90'), (752, '16.96'), (754, '32.19'),
  (756, '36.95'), (758, '6.43'), (760, '8.18'), (762, '9.32'), (764, '10.49'), (766, '12.67'), (768, '13.72'),
  (770, '17.28'), (772, '18.16'), (774, '21.56'), (776, '27.21'), (778, '26.62'), (780, '9.03'), (782, '5.20'),
  (784, '6.88'), (786, '9.37'), (788, '9.04'), (790, '11.76'), (792, '15.31'), (794, '11.23'), (796, '15.17'),
  (798, '61.12'), (800, '282.29'), (802, '494.04'), (804, '461.74'), (806, '868.66'), (808, '676.27'), (810, '443.10'),
  (812, '591.93'), (814, '177.63'), (816, '173.88'), (818, '221.31'), (820, '322.71'), (822, '390.35'), (824, '13.56'),
  (826, '5.31'), (828, '8.13'), (830, '22.49'), (832, '22.11'), (834, '5.19'), (836, '18.51'), (838, '10.67'),
  (840, '14.96'), (842, '12.58'), (844, '6.04'), (846, '12.49'), (848, '11.43'), (850, '33.37'), (852, '6.87'),
  (854, '8.17'), (856, '11.07'), (858, '9.22'), (860, '12.63'), (862, '15.90'), (864, '14.57'), (866, '8.42'),
  (868, '15.45'), (870, '16.96'), (872, '19.61'), (874, '10.13'), (876, '22.58'), (878, '11.06'), (880, '383.33'),
  (882, '7.55'), (884, '31.39'), (886, '9.14'), (888, '39.78'), (890, '9.90'), (892, '21.28'), (894, '11.36'),
  (896, '10.35'), (898, '13.01'), (900, '43.05'), (902, '14.75'), (904, '33.03'), (906, '16.76'), (908, '27.61'),
  (910, '18.40'), (912, '26.47'), (914, '32.19'), (916, '8.82'), (918, '21.77'), (920, '10.42'), (922, '20.80'),
  (924, '8.14'), (926, '3.75'), (928, '22.71'), (930, '6.29'), (932, '24.76'), (934, '10.77'), (936, '28.44'),
  (938, '10.85'), (940, '30.65'), (942, '9.27'), (944, '13.42'), (946, '8.14'), (948, '25.49'), (950, '20.44'),
  (952, '25.74'), (954, '14.46'), (956, '27.90'), (958, '13.18'), (960, '33.18'), (962, '12.75'), (964, '37.62'),
  (966, '256.94'), (968, '19.14'), (970, '431.33'), (972, '22.69'), (974, '354.60'), (976, '25.29'), (978, '429.85'),
  (980, '29.31'), (982, '293.17'), (984, '34.29'), (986, '262.85'), (988, '41.41'), (990, '350.46'), (992, '6.29'),
  (994, '386.49'), (996, '403.60'), (998, '7.64'), (1000, '486.09'), (1002, '6.67'), (1004, '507.93'), (1006, '10.51'),
  (1008, '398.62'), (1010, '10.32'), (1012, '332.82'), (1014, '13.47'), (1016, '473.58'), (1018, '16.61'),
  (1020, '796.42'), (1022, '20.52'), (1024, '556.78'), (1026, '11.34'), (1028, '14.65'), (1030, '597.52'),
  (1032, '21.55'), (1034, '185.54'), (1036, '205.39'), (1038, '19.23'), (1040, '329.58'), (1042, '16.93'),
  (1044, '380.06'), (1046, '20.05'), (1048, '34.85'), (1050, '18.92'), (1052, '19.23'), (1054, '27.59'),
  (1056, '20.44'), (1058, '34.41'), (1060, '10.53'), (1062, '30.29'), (1064, '50.02'), (1066, '11.58'), (1068, '16.07'),
  (1070, '14.23'), (1072, '42.33'), (1074, '15.54'), (1076, '37.20'), (1078, '21.30'), (1080, '18.16'), (1082, '24.21'),
  (1084, '26.45'), (1086, '27.38'), (1088, '40.35'), (1090, '50.97'), (1092, '32.63'), (1094, '32.10'), (1096, '49.50'),
  (1098, '32.63'), (1100, '320.55'), (1102, '423.69'), (1104, '294.76'), (1106, '36.05'), (1108, '524.40'),
  (1110, '183.48'), (1112, '37.41'), (1114, '664.08'), (1116, '42.11'), (1118, '557.37'), (1120, '46.57'),
  (1122, '183.48'), (1124, '751.16'), (1126, '222.01'), (1128, '23.95'), (1130, '14.88'), (1132, '327.79'),
  (1134, '40.76'), (1136, '22.26'), (1138, '2'), (1140, '43.41'), (1142, '28.92'), (1144, '56.80'), (1146, '51.81'),
  (1148, '301.07'), (1150, '57.62'), (1152, '231.59'), (1154, '59.74'), (1156, '53.72'), (1158, '66.04'), (1160, '3'),
  (1162, '108.88'), (1164, '907.50'), (1166, '119.50'), (1168, '99.83'), (1170, '135.75'), (1172, '127.05'),
  (1174, '36.58'), (1176, '125.24'), (1178, '45.29'), (1180, '290.32'), (1182, '50.80'), (1184, '580.80'),
  (1186, '60.26'), (1188, '540.87'), (1190, '67.35'), (1192, '817.60'), (1194, '73.36'), (1196, '1'), (1198, '619.52'),
  (1200, '216.02'), (1202, '673.87'), (1204, '198.50'), (1206, '842.34'), (1208, '490.26'), (1210, '525.14'),
  (1212, '588.30'), (1214, '298.27'), (1216, '426.07'), (1218, '3'), (1220, '14.25'), (1222, '4'), (1224, '25.30'),
  (1226, '5'), (1228, '10.90'), (1230, '13'), (1231, '64.03'), (1234, '520.30'), (1236, '6.99'), (1238, '9.79'),
  (1240, '105.20'), (1242, '113.26'), (1244, '17.88'), (1246, '35.39'), (1248, '1'), (1250, '3.99'), (1252, '33.03'),
  (1254, '1'), (1256, '19.61'), (1258, '1'), (1260, '22.58'), (1262, '2'), (1264, '22.11'), (1266, '3'),
  (1268, '22.49'), (1270, '3'), (1272, '12.49'), (1274, '5'), (1276, '33.37'), (1278, '5'), (1280, '15.45'),
  (1282, '4'), (1284, '2'), (1286, '7'), (1288, '20.44'), (1290, '5'), (1292, '796.42'), (1294, '10'), (1296, '390.35'),
  (1298, '8'), (1300, '31.39'), (1302, '10'), (1304, '39.78'), (1306, '27'), (1308, '43.05'), (1310, '29'),
  (1312, '14.96'), (1314, '3'), (1316, '18.51'), (1318, '22'), (1320, '8.13'), (1322, '23'), (1324, '21.28'),
  (1326, '59.29'), (1328, '11.07'), (1330, '21.78'), (1332, '302.02'), (1334, '12.63'), (1336, '318.96'),
  (1338, '14.57'), (1340, '18.15'), (1342, '431.33'), (1344, '22.99'), (1346, '429.85'), (1348, '42.35'),
  (1350, '383.33'), (1352, '45.74'), (1354, '14.46'), (1356, '301.29'), (1358, '221.31'), (1360, '27.83'),
  (1362, '10.35'), (1364, '68.97'), (1366, '12.58'), (1368, '51.24'), (1370, '13.56'), (1372, '83.49'),
  (1374, '899.76'), (1376, '146.65'), (1378, '350.46'), (1380, '90.75'), (1382, '177.63'), (1384, '90.75'),
  (1386, '5.31'), (1388, '51.18'), (1390, '5.20'), (1392, '580.80'), (1394, '6.88'), (1396, '16.09'), (1398, '17.28'),
  (1400, '24.08'), (1402, '12.67'), (1404, '16.09'), (1406, '8.82'), (1408, '25.41'), (1410, '10.42'), (1412, '25.41'),
  (1414, '173.88'), (1416, '24.08'), (1418, '322.71'), (1420, '44.04'), (1422, '26.47'), (1424, '26.26'),
  (1426, '27.61'), (1428, '26.26'), (1430, '61.12'), (1432, '44.04'), (1434, '22.26'), (1436, '30.13'), (1438, '28.92'),
  (1440, '30.13'), (1442, '19.23'), (1444, '36.42'), (1446, '20.44'), (1448, '36.42'), (1450, '34.85'), (1452, '21.68'),
  (1454, '10.53'), (1456, '25.41'), (1458, '14.88'), (1460, '25.41'), (1462, '16.07'), (1464, '25.41'), (1467, '18.16'),
  (1466, '25.41'), (1470, '15.08'), (1472, '26.45'), (1474, '15.08'), (1476, '40.35'), (1478, '26.47'), (1480, '50.97'),
  (1482, '26.47'), (1484, '49.50'), (1486, '26.47'), (1488, '423.69'), (1490, '18.39'), (1492, '524.40'),
  (1494, '26.47'), (1496, '557.37'), (1498, '26.47'), (1500, '664.08'), (1502, '68.24'), (1504, '751.16'),
  (1506, '99.58'), (1508, '50.02'), (1510, '183.56'), (1512, '37.20'), (1514, '61.12'), (1516, '42.33'),
  (1518, '25.52'), (1520, '329.58'), (1522, '57.48'), (1524, '380.06'), (1526, '41.64'), (1528, '185.54'),
  (1530, '43.16'), (1532, '205.39'), (1534, '91.23'), (1536, '90.29'), (1538, '28.88'), (1540, '41.02'),
  (1542, '69.45'), (1544, '65.42'), (1546, '40.41'), (1548, '380.06'), (1550, '45.38'), (1552, '185.54'),
  (1554, '43.56'), (1556, '205.39'), (1558, '67.76'), (1560, '90.29'), (1562, '68.97'), (1564, '41.02'),
  (1566, '62.92'), (1568, '65.42'), (1570, '308.55'), (1572, '282.29'), (1574, '255.79'), (1576, '494.04'),
  (1578, '490.05'), (1580, '461.74'), (1582, '363.00'), (1584, '57.74'), (1586, '154.28'), (1588, '55.42'),
  (1590, '344.85'), (1592, '76.29'), (1594, '10'), (1596, '9.27'), (1598, '8'), (1600, '8.14'), (1602, '20'),
  (1604, '10.85'), (1606, '19'), (1608, '8.14'), (1610, '17'), (1612, '3.75'), (1614, '13'), (1616, '24'),
  (1618, '6.29'), (1620, '1'), (1622, '10.77'), (1624, '1'), (1626, '6.43'), (1628, '877.25'), (1630, '8.18'),
  (1632, '2'), (1634, '9.32'), (1636, '7'), (1638, '10.49'), (1640, '7'), (1642, '13.72'), (1644, '7'), (1646, '18.16'),
  (1648, '372.08'), (1650, '21.56'), (1652, '700.59'), (1654, '27.21'), (1656, '431.06'), (1658, '26.62'),
  (1660, '446.49'), (1662, '9.03'), (1664, '211.75'), (1666, '9.37'), (1668, '0.08'), (1670, '9.04'), (1672, '499.13'),
  (1674, '11.76'), (1676, '199.65'), (1678, '15.31'), (1680, '0.07'), (1682, '11.23'), (1684, '235.95'),
  (1686, '15.17'), (1688, '490.05'), (1690, '36.95'), (1692, '1'), (1694, '44.48'), (1696, '1'), (1698, '20.34'),
  (1700, '1'), (1702, '187.55'), (1704, '590.96'), (1706, '1'), (1708, '264.99'), (1710, '277.09'), (1712, '358.64'),
  (1714, '1'), (1716, '189.37'), (1718, '350.90'), (1720, '3'), (1722, '1'), (1724, '1'), (1726, '1'), (1728, '1'),
  (1730, '1'), (1732, '1'), (1734, '1'), (1736, '1'), (1738, '1'), (1740, '1'), (1742, '1'), (1744, '2'),
  (1746, '239.58'), (1748, '998.25'), (1750, '1'), (1752, '1'), (1754, '1'), (1756, '998.25'), (1758, '332.75'),
  (1760, '701.80'), (1762, '890.41'), (1764, '358.16'), (1766, '1'), (1768, '368.45'), (1770, '1'), (1772, '1'),
  (1774, '1'), (1776, '1'), (1778, '704.83'), (1780, '3'), (1782, '1'), (1784, '4'), (1786, '4'), (1788, '4'),
  (1790, '2'), (1792, '2'), (1794, '49'), (1796, '49'), (1798, '2'), (1800, '11'), (1802, '12'), (1804, '2'),
  (1806, '8'), (1808, '9'), (1810, '4'), (1812, '4'), (1814, '10'), (1816, '26'), (1818, '11'), (1820, '183.92'),
  (1822, '176.18'), (1824, '215.62'), (1826, '215.62'), (1828, '215.62'), (1830, '215.62'), (1832, '215.62'),
  (1834, '193.60'), (1836, '106.48'), (1838, '77.44'), (1840, '396.88'), (1842, '39.93'), (1844, '22'), (1846, '1'),
  (1848, '11'), (1850, '16'), (1852, '16'), (1854, '12');
/*!40000 ALTER TABLE `product_details_price_details`
  ENABLE KEYS */;
UNLOCK TABLES;
/*!40103 SET TIME_ZONE = @OLD_TIME_ZONE */;

/*!40101 SET SQL_MODE = @OLD_SQL_MODE */;
/*!40014 SET FOREIGN_KEY_CHECKS = @OLD_FOREIGN_KEY_CHECKS */;
/*!40014 SET UNIQUE_CHECKS = @OLD_UNIQUE_CHECKS */;
/*!40101 SET CHARACTER_SET_CLIENT = @OLD_CHARACTER_SET_CLIENT */;
/*!40101 SET CHARACTER_SET_RESULTS = @OLD_CHARACTER_SET_RESULTS */;
/*!40101 SET COLLATION_CONNECTION = @OLD_COLLATION_CONNECTION */;
/*!40111 SET SQL_NOTES = @OLD_SQL_NOTES */;

-- Dump completed on 2018-04-27 14:52:26
